task,id,input,label,question_id,metadata
classification,cls_0001,以風四方太平之原.,賦,Qbcee83d34b92,"{'has_korean': True, 'has_english': True}"
classification,cls_0002,"作之屛之, 其_其_",賦,Q3fa0ff78e889,"{'has_korean': True, 'has_english': True}"
classification,cls_0003,亦有斯容,賦,Q27c816e0c4f9,"{'has_korean': True, 'has_english': True}"
classification,cls_0004,與元元,賦,Q61adcf8f4d91,"{'has_korean': True, 'has_english': True}"
classification,cls_0005,楚詞列陶詞,賦,Qb1563e165163,"{'has_korean': True, 'has_english': True}"
classification,cls_0006,作歌悼瓠子,賦,Q9c71a8969fb2,"{'has_korean': True, 'has_english': True}"
classification,cls_0007,與元元,賦,Q29ffaea0d164,"{'has_korean': True, 'has_english': True}"
classification,cls_0008,願聞子之志.,賦,Q8755f1ac84ba,"{'has_korean': True, 'has_english': True}"
classification,cls_0009,不顯亦世,賦,Qee487232d948,"{'has_korean': True, 'has_english': True}"
classification,cls_0010,"升諸司馬, 曰進士.",賦,Q6d05bd55b77c,"{'has_korean': True, 'has_english': True}"
classification,cls_0011,"受天之祜, 四方來賀",賦,Qaece63ff3b4a,"{'has_korean': True, 'has_english': True}"
classification,cls_0012,夢得良弼,賦,Q45f3830e9d91,"{'has_korean': True, 'has_english': True}"
classification,cls_0013,筵退還近思錄.,賦,Q0d6568806fd5,"{'has_korean': True, 'has_english': True}"
classification,cls_0014,作誥釋湯慙,賦,Q70f311308374,"{'has_korean': True, 'has_english': True}"
classification,cls_0015,"天降時雨, 山川出雲",賦,Q815892c25f5d,"{'has_korean': True, 'has_english': True}"
classification,cls_0016,皇建其有極,賦,Q7dcc966d1c76,"{'has_korean': True, 'has_english': True}"
classification,cls_0017,觀豊閣,賦,Q35f021f48aba,"{'has_korean': True, 'has_english': True}"
classification,cls_0018,意如竇儼言.,賦,Qda671d65baf0,"{'has_korean': True, 'has_english': True}"
classification,cls_0019,"人臣之義, 當以王陵爲正",賦,Qfa04b934d060,"{'has_korean': True, 'has_english': True}"
classification,cls_0020,周禮爲太平之成法.,賦,Q980b598971d0,"{'has_korean': True, 'has_english': True}"
classification,cls_0021,相約爲傳.,賦,Q863089ccbe6c,"{'has_korean': True, 'has_english': True}"
classification,cls_0022,江漢朝宗于海,賦,Qb3c3273fb972,"{'has_korean': True, 'has_english': True}"
classification,cls_0023,"四方來觀者, 皆感化其德",賦,Q3df990f9c3cc,"{'has_korean': True, 'has_english': True}"
classification,cls_0024,少年多時時竊籍其名以行.,賦,Q38656716824a,"{'has_korean': True, 'has_english': True}"
classification,cls_0025,周雖舊邦其命維新,賦,Q198636a30873,"{'has_korean': True, 'has_english': True}"
classification,cls_0026,天作高山,賦,Q675e26164f5a,"{'has_korean': True, 'has_english': True}"
classification,cls_0027,此年此科於戱幾回追憶昔年臨殿興懷,賦,Q21530b1f1400,"{'has_korean': True, 'has_english': True}"
classification,cls_0028,風雅之終思二公.,賦,Qa02cb1b2e3a3,"{'has_korean': True, 'has_english': True}"
classification,cls_0029,天子不與白衣同,賦,Qf01e83cd2b6b,"{'has_korean': True, 'has_english': True}"
classification,cls_0030,託意貨殖傳.,賦,Q9e1882492c5b,"{'has_korean': True, 'has_english': True}"
classification,cls_0031,作箴告靈臺.,賦,Q81852199d5a6,"{'has_korean': True, 'has_english': True}"
classification,cls_0032,披_辭食,賦,Qc83fa8596a41,"{'has_korean': True, 'has_english': True}"
classification,cls_0033,"三壽作朋, 如岡如陵",賦,Q2fd0e77a18d3,"{'has_korean': True, 'has_english': True}"
classification,cls_0034,秋月照寒水,賦,Q571330e04b0e,"{'has_korean': True, 'has_english': True}"
classification,cls_0035,瑚璉,賦,Q652bc9c9989c,"{'has_korean': True, 'has_english': True}"
classification,cls_0036,疇若予上下草木鳥獸.,賦,Q81e8b3b1ad65,"{'has_korean': True, 'has_english': True}"
classification,cls_0037,顧召趙御史書,賦,Qbcf44efde3a6,"{'has_korean': True, 'has_english': True}"
classification,cls_0038,古咸吉,賦,Q5f0b78d83ba7,"{'has_korean': True, 'has_english': True}"
classification,cls_0039,天下文章莫大是,賦,Qb88e4e5ae516,"{'has_korean': True, 'has_english': True}"
classification,cls_0040,"游夏, 一言一事, 摠是實",賦,Qad3bbb342628,"{'has_korean': True, 'has_english': True}"
classification,cls_0041,三條帶.,賦,Q13156ae25458,"{'has_korean': True, 'has_english': True}"
classification,cls_0042,補綴奏.,賦,Qf5f5612559f7,"{'has_korean': True, 'has_english': True}"
classification,cls_0043,古咸吉,賦,Q42c8c2ad53f3,"{'has_korean': True, 'has_english': True}"
classification,cls_0044,春秋如用藥治病,賦,Q084418dfe7f3,"{'has_korean': True, 'has_english': True}"
classification,cls_0045,"其諷誦, 不獨在竹帛.",賦,Qfb997be1eebe,"{'has_korean': True, 'has_english': True}"
classification,cls_0046,風送南昌宴.,賦,Qf0619d2767d9,"{'has_korean': True, 'has_english': True}"
classification,cls_0047,"日重光, 月重輪, 星重輝, 海重潤",賦,Qf4003f23ff3d,"{'has_korean': True, 'has_english': True}"
classification,cls_0048,"聖人之道三千, 獨稱顔子爲好學.",賦,Qb9ddc14df9c4,"{'has_korean': True, 'has_english': True}"
classification,cls_0049,祝網,賦,Q941c7349db8e,"{'has_korean': True, 'has_english': True}"
classification,cls_0050,"旣獻於朕, 非卿所有",賦,Q0358344742c1,"{'has_korean': True, 'has_english': True}"
classification,cls_0051,"一念之善, 景星慶雲",賦,Q85e13a2d2e51,"{'has_korean': True, 'has_english': True}"
classification,cls_0052,戒勿學儒士.,賦,Qaf31a79904dd,"{'has_korean': True, 'has_english': True}"
classification,cls_0053,"綏我眉壽, 介以繁祉",賦,Q6876e55bd1dc,"{'has_korean': True, 'has_english': True}"
classification,cls_0054,程門學者如飮河.,賦,Qca48c47ec730,"{'has_korean': True, 'has_english': True}"
classification,cls_0055,槐陰滿庭,賦,Qa1527193f40f,"{'has_korean': True, 'has_english': True}"
classification,cls_0056,臣哉隣哉,賦,Q58b57b929af8,"{'has_korean': True, 'has_english': True}"
classification,cls_0057,奇功收一原,賦,Qc83fa8596a41,"{'has_korean': True, 'has_english': True}"
classification,cls_0058,夢告館羅池.,賦,Q99981b824fab,"{'has_korean': True, 'has_english': True}"
classification,cls_0059,至誠相孚予見文孫,賦,Q53cfba933ddb,"{'has_korean': True, 'has_english': True}"
classification,cls_0060,射虎石,賦,Q50d1749aaccd,"{'has_korean': True, 'has_english': True}"
classification,cls_0061,"_橋門而觀聽者, 蓋億萬計",賦,Q775b521cd979,"{'has_korean': True, 'has_english': True}"
classification,cls_0062,大耐官職.,賦,Qc8ea511fed51,"{'has_korean': True, 'has_english': True}"
classification,cls_0063,自從刪後更無詩.,賦,Qa8c3538ac47d,"{'has_korean': True, 'has_english': True}"
classification,cls_0064,"文王陟降, 在帝左右",賦,Q2ee5a890bda1,"{'has_korean': True, 'has_english': True}"
classification,cls_0065,作抑戒詩朝夕諷誦,賦,Q2620a48ccaa8,"{'has_korean': True, 'has_english': True}"
classification,cls_0066,泰帝興神鼎一,賦,Qad3bbb342628,"{'has_korean': True, 'has_english': True}"
classification,cls_0067,君臣耆老,賦,Qf6f2e6312aa5,"{'has_korean': True, 'has_english': True}"
classification,cls_0068,古咸吉,賦,Q5f0b78d83ba7,"{'has_korean': True, 'has_english': True}"
classification,cls_0069,賓出奏_.,賦,Qab6a50ffbfd3,"{'has_korean': True, 'has_english': True}"
classification,cls_0070,古之君子必佩玉.,賦,Q0d243485702f,"{'has_korean': True, 'has_english': True}"
classification,cls_0071,與屈完乘而觀之.,賦,Q34086a9e122b,"{'has_korean': True, 'has_english': True}"
classification,cls_0072,庶民子來,賦,Q1f5c73f468ef,"{'has_korean': True, 'has_english': True}"
classification,cls_0073,內修外攘如直內方外,賦,Q9e706b262b9d,"{'has_korean': True, 'has_english': True}"
classification,cls_0074,"子諒之生, 春噓物茁.",賦,Q1863a683d40b,"{'has_korean': True, 'has_english': True}"
classification,cls_0075,惠州不在天上.,賦,Qe84f7defbf54,"{'has_korean': True, 'has_english': True}"
classification,cls_0076,"奎星圓曲之勢, 龜文鳥跡之象, 合以爲字.",賦,Q1a4dd823b5a9,"{'has_korean': True, 'has_english': True}"
classification,cls_0077,只要辦一片心一雙眼,賦,Qca50dae1cc12,"{'has_korean': True, 'has_english': True}"
classification,cls_0078,地利不如人和,賦,Q5d4578ebd9a3,"{'has_korean': True, 'has_english': True}"
classification,cls_0079,若麟之時,賦,Qbf601616aa6c,"{'has_korean': True, 'has_english': True}"
classification,cls_0080,人各持一赤幟.,賦,Q42fe52204cae,"{'has_korean': True, 'has_english': True}"
classification,cls_0081,命罷春宴.,賦,Qff7293a13045,"{'has_korean': True, 'has_english': True}"
classification,cls_0082,仰見明月.,賦,Qfa28c9fd4431,"{'has_korean': True, 'has_english': True}"
classification,cls_0083,"闢四門, 明四目, 達四聰",賦,Qff4c7ba39376,"{'has_korean': True, 'has_english': True}"
classification,cls_0084,麟之趾,賦,Qd8a9e50857fe,"{'has_korean': True, 'has_english': True}"
classification,cls_0085,"受天之祜, 四方來賀",賦,Qe83657ae58a5,"{'has_korean': True, 'has_english': True}"
classification,cls_0086,"此去南昌, 七百餘里.",賦,Q63776b830b2f,"{'has_korean': True, 'has_english': True}"
classification,cls_0087,"能下人, 故能上人.",賦,Q63485732ebfe,"{'has_korean': True, 'has_english': True}"
classification,cls_0088,古之爲政愛民爲大,賦,Q39da71718d36,"{'has_korean': True, 'has_english': True}"
classification,cls_0089,笑而受之,賦,Qf12c3ddc9fc2,"{'has_korean': True, 'has_english': True}"
classification,cls_0090,乃營立明堂__,賦,Qd2cccb9981b3,"{'has_korean': True, 'has_english': True}"
classification,cls_0091,"學進則識進, 識進則量進.",賦,Q2f8dfb2a2b71,"{'has_korean': True, 'has_english': True}"
classification,cls_0092,"人臣之義, 當以王陵爲正",賦,Qb1563e165163,"{'has_korean': True, 'has_english': True}"
classification,cls_0093,百兩御之,賦,Q7767e82ec41d,"{'has_korean': True, 'has_english': True}"
classification,cls_0094,"天行健, 君子以.",賦,Q45aea257501e,"{'has_korean': True, 'has_english': True}"
classification,cls_0095,視不勝猶勝.,賦,Q01b785a2554e,"{'has_korean': True, 'has_english': True}"
classification,cls_0096,大名府答虜使問不在中書. 押使.,詩,Qebd9a5a59b41,"{'has_korean': True, 'has_english': True}"
classification,cls_0097,"按公玉帶黃帝圖本, 作明堂於奉高汶上. 押堂.",詩,Qf839c3427969,"{'has_korean': True, 'has_english': True}"
classification,cls_0098,"見日月星辰之象, 命大撓作甲子, 押子.",詩,Q6b44b61fa997,"{'has_korean': True, 'has_english': True}"
classification,cls_0099,"建學立師, 以培其根, 以達其支. 押枝",詩,Q11e90e75115f,"{'has_korean': True, 'has_english': True}"
classification,cls_0100,"居天下之廣居, 立天下之正位, 行天下之大道",詩,Qb783d1bb59f7,"{'has_korean': True, 'has_english': True}"
classification,cls_0101,"題陳圖南愛睡歌後, 押睡.",詩,Qc324d6e1b8cb,"{'has_korean': True, 'has_english': True}"
classification,cls_0102,"見曾點浴沂對歎有堯舜氣象, 押對.",詩,Q91089ea0671a,"{'has_korean': True, 'has_english': True}"
classification,cls_0103,"康節本是經世學, 押世.",詩,Q91b72c447760,"{'has_korean': True, 'has_english': True}"
classification,cls_0104,"聚星堂續歐陽公賦雪, 押賦.",詩,Q093490a2071a,"{'has_korean': True, 'has_english': True}"
classification,cls_0105,"明日訪荷_丈人不遇, 押訪.",詩,Q496aa0ef980b,"{'has_korean': True, 'has_english': True}"
classification,cls_0106,"題蕭士贊論蜀道難後, 押難.",詩,Qca5b18feaa8e,"{'has_korean': True, 'has_english': True}"
classification,cls_0107,泣和子瞻歸去來詞. 押來.,詩,Qe09eb7bcb3d6,"{'has_korean': True, 'has_english': True}"
classification,cls_0108,"子房做事, 如看花切勿看離披, 押花.",詩,Qeaf647493405,"{'has_korean': True, 'has_english': True}"
classification,cls_0109,"夜夢郭景純見示詩, 續成記事. 押事.",詩,Q6fb3ea9ad9ca,"{'has_korean': True, 'has_english': True}"
classification,cls_0110,"世守爵祿, 世竭忠誠, 以輔周家之子孫. 押世.",詩,Qe348af76f25a,"{'has_korean': True, 'has_english': True}"
classification,cls_0111,慨然有常有似乎? 士君子之行. 押行,詩,Qd64b818fe065,"{'has_korean': True, 'has_english': True}"
classification,cls_0112,曝背思獻君,詩,Q6e54b7803081,"{'has_korean': True, 'has_english': True}"
classification,cls_0113,"正月之吉, 縣法象魏, 使萬民觀敎象, 押象.",詩,Q88fcbc03d4d5,"{'has_korean': True, 'has_english': True}"
classification,cls_0114,"渭橋_上天子璽符, 押璽.",詩,Q8deddfb0cc06,"{'has_korean': True, 'has_english': True}"
classification,cls_0115,"大戰良久, 棄旗鼓, 走水上軍, 押戰.",詩,Q63bc7172fd25,"{'has_korean': True, 'has_english': True}"
classification,cls_0116,"_鹿野遇銅鐵額大霧作指南車, 押霧.",詩,Qa663d5698998,"{'has_korean': True, 'has_english': True}"
classification,cls_0117,"事在元平元年赦令前, 押令.",詩,Q80d90a2ca0da,"{'has_korean': True, 'has_english': True}"
classification,cls_0118,"出於東方君子之國, 見則天下安寧. 押東.",詩,Q8af309bcdfd9,"{'has_korean': True, 'has_english': True}"
classification,cls_0119,"左執鞭_, 右屬__, 以與君周旋. 押君.",詩,Q0d36f92168cf,"{'has_korean': True, 'has_english': True}"
classification,cls_0120,來玉閣飮酒賦詩. 押賦.,詩,Q29449c2e972e,"{'has_korean': True, 'has_english': True}"
classification,cls_0121,龜千歲乃游蓮葉之上. 押龜.,詩,Q1479152264e9,"{'has_korean': True, 'has_english': True}"
classification,cls_0122,太液池製詩送黃學士還鄕. 押士.,詩,Q29449c2e972e,"{'has_korean': True, 'has_english': True}"
classification,cls_0123,"范宣子讓, 其下皆讓, 晉國以平數世, 賴之. 押讓.",詩,Qdc1cc8e937b9,"{'has_korean': True, 'has_english': True}"
classification,cls_0124,"登泰山小天下, 押小.",詩,Q187d6bf6278a,"{'has_korean': True, 'has_english': True}"
classification,cls_0125,"天門街從邵堯夫看花, 押看",詩,Qb2904208beab,"{'has_korean': True, 'has_english': True}"
classification,cls_0126,以德不以形,詩,Q6c2f74f8b228,"{'has_korean': True, 'has_english': True}"
classification,cls_0127,"綵花譬孟子, 押子.",詩,Qf0a756a94f9e,"{'has_korean': True, 'has_english': True}"
classification,cls_0128,"對客詠初日, 有混一之先形. 押對.",詩,Qe0ce2520e5e2,"{'has_korean': True, 'has_english': True}"
classification,cls_0129,"四重歌, 押重.",詩,Q8deddfb0cc06,"{'has_korean': True, 'has_english': True}"
classification,cls_0130,"孔子太和元氣之流行於四時, 押氣.",詩,Q9c7fe14acbb7,"{'has_korean': True, 'has_english': True}"
classification,cls_0131,論黃帝堯舜垂衣裳而天下治知取諸乾坤.,詩,Qf88104365daf,"{'has_korean': True, 'has_english': True}"
classification,cls_0132,"思中興股肱之美, 圖_其人於麒麟閣. 押_.",詩,Q02118898b491,"{'has_korean': True, 'has_english': True}"
classification,cls_0133,"醉白堂記後, 押醉.",詩,Q9bb71914fde8,"{'has_korean': True, 'has_english': True}"
classification,cls_0134,"蔡經家, 見擲米成丹砂, 笑麻姑年少, 押少.",詩,Qd5a0bb1a8895,"{'has_korean': True, 'has_english': True}"
classification,cls_0135,"聖人之心見於書, 猶化工之妙著於物, 押聖.",詩,Qb241ff67ed34,"{'has_korean': True, 'has_english': True}"
classification,cls_0136,"免冠謝公子, 押謝.",詩,Q1e2b074dafab,"{'has_korean': True, 'has_english': True}"
classification,cls_0137,"壽民詩謝王佺期寄丹, 押丹.",詩,Q1e2b074dafab,"{'has_korean': True, 'has_english': True}"
classification,cls_0138,文王作人之效如春風和氣所在生輝. 押人,詩,Qeb536e8c6da7,"{'has_korean': True, 'has_english': True}"
classification,cls_0139,"白雲何人許更裁, 押裁.",詩,Qde4ec2d0dc09,"{'has_korean': True, 'has_english': True}"
classification,cls_0140,"詠桃柳句, 贈路侍御入朝, 押句.",詩,Q0f8ce563c68a,"{'has_korean': True, 'has_english': True}"
classification,cls_0141,"使天下後世之修身齊家治國平天下者, 皆得以取法焉, 押法.",詩,Qac4a18adc0b9,"{'has_korean': True, 'has_english': True}"
classification,cls_0142,_出袴下.,詩,Q84247f7bc33e,"{'has_korean': True, 'has_english': True}"
classification,cls_0143,"會漢七年十月, 長樂宮成. 押會.",詩,Qeecc73dda900,"{'has_korean': True, 'has_english': True}"
classification,cls_0144,"聽其雅頌之聲, 志意得廣焉.",詩,Q11ead06e1b26,"{'has_korean': True, 'has_english': True}"
classification,cls_0145,武牢關下護龍■押■,詩,Qe7270ec77632,"{'has_korean': True, 'has_english': True}"
classification,cls_0146,夢待愚溪神.,詩,Q86b264d85ed5,"{'has_korean': True, 'has_english': True}"
classification,cls_0147,"聞一善言見一善行, 若決江河沛然莫之能禦, 押善.",詩,Qb56bd1a0de92,"{'has_korean': True, 'has_english': True}"
classification,cls_0148,"思中興股肱之美, 圖_其人於麒麟閣. 押_.",詩,Q0b3d8cbf2b13,"{'has_korean': True, 'has_english': True}"
classification,cls_0149,江海寄餘生,詩,Q2759d59643be,"{'has_korean': True, 'has_english': True}"
classification,cls_0150,"春詔曰“農者天下大本”, 押本.",詩,Q187d6bf6278a,"{'has_korean': True, 'has_english': True}"
classification,cls_0151,"彈五絃之琴, 歌南風之詩, 天下治, 押風.",詩,Q94c8511ca2b0,"{'has_korean': True, 'has_english': True}"
classification,cls_0152,"不以管絃亂人聲, 猶古淸廟之歌. 押古.",詩,Q5af3551cb319,"{'has_korean': True, 'has_english': True}"
classification,cls_0153,"鄭國作渠爲秦建萬世之功, 押据.",詩,Qfbd047ad90d9,"{'has_korean': True, 'has_english': True}"
classification,cls_0154,"托興邯鄲才人曲, 押人.",詩,Q86b264d85ed5,"{'has_korean': True, 'has_english': True}"
classification,cls_0155,贈詩武十七求訪愛子.,詩,Q9560c4e0cdd5,"{'has_korean': True, 'has_english': True}"
classification,cls_0156,"泰和盛治之時, 三光得其明, 四時得其序, 庶類得其所. 押和",詩,Qde82f73500d4,"{'has_korean': True, 'has_english': True}"
classification,cls_0157,"沼上誦靈臺詩, 諷梁惠王, 押上.",詩,Qcd99bbb67730,"{'has_korean': True, 'has_english': True}"
classification,cls_0158,寄題迎翠樓,詩,Q2742f8ed9e76,"{'has_korean': True, 'has_english': True}"
classification,cls_0159,"有文字來, 其存乎今者, 皆其能者. 押能.",詩,Qa404dcf1a6e7,"{'has_korean': True, 'has_english': True}"
classification,cls_0160,"摠師過黃牛峽, 感神龍助禹成功, 押禹.",詩,Q17f0238632b0,"{'has_korean': True, 'has_english': True}"
classification,cls_0161,"聞君行聖人之政也, 是亦聖人也, 願爲聖人氓.",詩,Q11ead06e1b26,"{'has_korean': True, 'has_english': True}"
classification,cls_0162,"洛邑旣定, 有鳳凰卷阿之歌, 旣醉鳧_之雅, 押洛.",詩,Q225a887c6501,"{'has_korean': True, 'has_english': True}"
classification,cls_0163,試憑弦管一吹開.,詩,Qaaee5518c410,"{'has_korean': True, 'has_english': True}"
classification,cls_0164,"論禹服之狹, 歎聲敎盡四海, 疆理止五服, 押禹.",詩,Q17f0238632b0,"{'has_korean': True, 'has_english': True}"
classification,cls_0165,"冠帶衣履天下海岱之間斂_往朝, 押往.",詩,Q3c7e98d48d7a,"{'has_korean': True, 'has_english': True}"
classification,cls_0166,"論魯仲連事歎范_亦烏喙, 押事.",詩,Q72abd05d8c97,"{'has_korean': True, 'has_english': True}"
classification,cls_0167,"乘小車, 從數吏, 入鄧城界以觀風謠. 押謠.",詩,Q4fe3b49615df,"{'has_korean': True, 'has_english': True}"
classification,cls_0168,"至公無我, 亦可謂當時之大人. 押人.",詩,Qdc1cc8e937b9,"{'has_korean': True, 'has_english': True}"
classification,cls_0169,"舜之德致和於上, 夔之樂召和於下. 押和.",詩,Q85e7603335a5,"{'has_korean': True, 'has_english': True}"
classification,cls_0170,賜被隔南宮. 押東.,詩,Q67987dea38c8,"{'has_korean': True, 'has_english': True}"
classification,cls_0171,託黃陳二生畵五老峰新泉. 押泉.,詩,Q73bf304c60a2,"{'has_korean': True, 'has_english': True}"
classification,cls_0172,"以經術潤飾吏事, 天子器之. 押器.",詩,Q44c80f53449f,"{'has_korean': True, 'has_english': True}"
classification,cls_0173,雲氣說對高祖怪問. 押祖.,詩,Qe09eb7bcb3d6,"{'has_korean': True, 'has_english': True}"
classification,cls_0174,"願乎上者子孫昌盛, 願乎下者歲熟民滋. 押願",詩,Qd440d268f128,"{'has_korean': True, 'has_english': True}"
classification,cls_0175,"功光祖宗, 業垂後嗣, 可謂中興, _德殷宗周宣. 押興",詩,Q11e90e75115f,"{'has_korean': True, 'has_english': True}"
classification,cls_0176,"高沙設酒飯談經, 押經.",詩,Q239dd96ff664,"{'has_korean': True, 'has_english': True}"
classification,cls_0177,"集大成也者, 金聲而玉振之. 押成",詩,Qd64b818fe065,"{'has_korean': True, 'has_english': True}"
classification,cls_0178,碧澗別墅酬皇甫侍御,詩,Qd91b63d750e9,"{'has_korean': True, 'has_english': True}"
classification,cls_0179,題南屛對雪圖後,詩,Q70c5d5742b5d,"{'has_korean': True, 'has_english': True}"
classification,cls_0180,"武林夢進紅靴銘, 押紅.",詩,Q6cadfb30817b,"{'has_korean': True, 'has_english': True}"
classification,cls_0181,"南海謫中念芥舟蟻耐小醉信筆, 押蟻.",詩,Qabbf496bb9a6,"{'has_korean': True, 'has_english': True}"
classification,cls_0182,扇影無情也解愁.,詩,Q90bc22b35232,"{'has_korean': True, 'has_english': True}"
classification,cls_0183,"沛中原廟, 令歌兒吹樂. 押原.",詩,Q8e7f68e4dfd3,"{'has_korean': True, 'has_english': True}"
classification,cls_0184,"天子將祭, 必先習射於澤. 押子.",詩,Q045d49d21616,"{'has_korean': True, 'has_english': True}"
classification,cls_0185,"所願乎上者, 子孫昌盛, 所願乎下者, 歲熟民滋. 押願.",詩,Q85e7603335a5,"{'has_korean': True, 'has_english': True}"
classification,cls_0186,"視之石, 押石.",詩,Q94c8511ca2b0,"{'has_korean': True, 'has_english': True}"
classification,cls_0187,市中過朱亥歸歎今日爲公子亦足. 押子.,詩,Qf6d8ae95d86c,"{'has_korean': True, 'has_english': True}"
classification,cls_0188,"成都有桑八百株, 薄田十五頃, 不別治生以長尺寸, 押寸.",詩,Q78e2718310ca,"{'has_korean': True, 'has_english': True}"
classification,cls_0189,"見善用太公兵法, 喜殆天授. 押授.",詩,Q7731bea63615,"{'has_korean': True, 'has_english': True}"
classification,cls_0190,奉勅江南句當公事回. 押事.,詩,Qe0ce2520e5e2,"{'has_korean': True, 'has_english': True}"
classification,cls_0191,"問: 大學曰“致知在格物”, 又曰“物格而後知至”, 格物之格字, 物格之格字, 同歟, 異歟? 致知在格物而旣變上文欲誠其意先致其知之例, 而物格而後知至却與下文知至而後意誠之例同, 何歟? 章句曰“物理之極處無不到”, 所謂無不到之到字, 是物之到吾心歟, 物理自到於吾心歟?",疑,Q713d46f60ab9,"{'has_korean': True, 'has_english': True}"
classification,cls_0192,"問: 夫子生知安行之聖, 而自言其進德之序曰: “吾十五志學, 七十而從心所欲不踰矩.” 其所進德, 猶有年數次序之可言歟? 然則十五以前, 未嘗志學, 而未七十之時, 或未至於不勉而中歟? 若使夫子之年, 加以八十九十, 則抑更有進於不踰矩之外歟? 自三十至七十, 皆有十年之一進, 則有積累漸進者然, 惡在其爲生知安行之聖歟?",疑,Qb5dae4a3e1c9,"{'has_korean': True, 'has_english': True}"
classification,cls_0193,"問: 子曰: “民可使由之, 不可使知之.” 若欲由之, 宜先知之, 而不可使知之者, 何歟?",疑,Qeb06c92df29d,"{'has_korean': True, 'has_english': True}"
classification,cls_0194,"問: 論孟俱是載道之文, 而魯論言學處多, 而罕言性命, 鄒書極言性命, 而不及於學. 庸學幷爲傳道之書, 而思傳論性, 而不論心, 曾書說心, 而不說性, 四聖立言之或有異同, 未知何義, 而抑有取舍淺深之可言歟?",疑,Q6c95285193b6,"{'has_korean': True, 'has_english': True}"
classification,cls_0195,"問: 子曰: “舜好問而好察邇言.” 此言知也. 又曰: “回之爲人也, 得一善, 則拳拳服膺而弗失之矣.” 此言仁也. 以大舜之聖, 只稱其智而不稱仁, 以_子之賢, 只稱其仁而不稱智者, 何歟?",疑,Q6cae6b785648,"{'has_korean': True, 'has_english': True}"
classification,cls_0196,"問: 子曰: “邦有道, 危言, 邦無道, 言遜.” 而益稷無危言, _干不遜言者, 何歟?",疑,Q8a276cb7038c,"{'has_korean': True, 'has_english': True}"
classification,cls_0197,"問: 子貢曰“學不厭知也, 敎不倦仁也”, 《中庸》曰“成己仁也, 成物知也”, 子貢則知先於仁, 子思則仁先於知, 何歟? 學不厭便是成己之事而謂之知敎, 不倦便是成物之事而謂之仁, 聖賢之論不同, 亦何歟?",疑,Q6ac529bf3c96,"{'has_korean': True, 'has_english': True}"
classification,cls_0198,"問 孟子曰: “明堂者, 王者之堂也, 王欲行王政, 則勿毁之矣.” 畢戰之問井地, 又曰 “仁政必自經界始.” 王政自有其本, 則何關於明堂之毁不毁歟? 仁政亦有所先, 則惡在乎井地之修不修歟? 願聞其說.",疑,Q7d1914ac582b,"{'has_korean': True, 'has_english': True}"
classification,cls_0199,"問: 大學曰: ""大學之道, 在明明德, 在新民, 在止於至善."" 三者是大學之綱領, 而格致誠正修爲明德之本, 齊治平爲新民之目, 而止於至善之獨無其目者, 何歟?",疑,Q515b0c60471f,"{'has_korean': True, 'has_english': True}"
classification,cls_0200,"問 中庸曰: “喜怒哀樂之未發, 謂之中, 發而皆中節, 謂之和.” 喜怒哀樂之未發時, 寂然而靜, 湛然而虛, 則其中之體, 於何可見? 其已發之後, 耳目所接, 手足動作, 隨感而應, 則其和之用, 亦於何見之歟? 孟子以惻隱羞惡辭讓是非之心爲四端, 與子思所謂七情, 同歟異歟? 亦有中和之可言歟",疑,Q0b9d5987cccb,"{'has_korean': True, 'has_english': True}"
classification,cls_0201,"問: 大學曰: “誠其意者, 必愼獨.” 曾子曰: “十手所指, 十目所視.” 旣曰愼獨, 而又曰十手十目者, 何歟?",疑,Qc36ef3ede411,"{'has_korean': True, 'has_english': True}"
classification,cls_0202,"問 中庸曰: “君子之道, 費而隱.” 又曰 “鳶飛戾天, 魚躍于淵, 言其上下察也.” 費隱之理至廣且微, 則萬物之中, 獨擧鳶魚而言者, 何歟? 非鳶魚, 則更無可以形容費隱者歟? 程子嘗以此爲喫緊爲人處, 其所以爲喫緊爲人之義, 亦可詳言歟?",疑,Qfedc68e73733,"{'has_korean': True, 'has_english': True}"
classification,cls_0203,"問: 大學曰: ""古之欲明明德於天下者, 先治其國."" 又曰: ""致知在格物."" 不曰古之欲平天下, 而必曰欲明明德於天下者, 何歟? 不曰欲致其知先格其物, 而必曰致知在格物者, 何歟? 在格物之在字, 與在明明德在新民在止於至善之在字, 同歟異歟?",疑,Q2efcb8789168,"{'has_korean': True, 'has_english': True}"
classification,cls_0204,"問: 夫子罕言性命, 而子思言天命之謂性. 子思言性未嘗及於善惡, 而孟子始言性善, 而未嘗及於氣質本然, 而程子·張子始言之. 前聖後聖, 有言有不言, 其義可得聞歟?",疑,Q39a56312d10c,"{'has_korean': True, 'has_english': True}"
classification,cls_0205,"問: 子曰 “德之流行, 速於置郵而傳命.” 中庸曰 “政也者, 浦蘆也.” 德與政, 非指兩事, 敏與速, 只是一義, 則或喩以置郵, 或喩以蒲蘆, 抑有同異之可言歟?",疑,Qfacf1dada05a,"{'has_korean': True, 'has_english': True}"
classification,cls_0206,"問: 大學曰 “誠其意者, 毋自欺也.” 小人之_其不善, 而著其善, 卽言其自欺之患, 則毋自欺之極工, 只在此一節歟? 先儒言毋自欺說細密, 而小人閑居一段, 說得粗然, 則何者爲毋自欺細密工夫歟?",疑,Q9d0fb26ac3ad,"{'has_korean': True, 'has_english': True}"
classification,cls_0207,"問: 論語子貢曰: ""有一言, 可以終身行之者乎?"" 子曰: ""其恕乎!"" 人之一身, 百行備矣, 而只以恕之一字告之者, 何歟? 釋之者曰: ""孔子告以求仁之方."" 其爲求仁之方, 可得聞歟? 聖人之言恕, 必兼言忠, 而此獨言恕者, 何歟?",疑,Q80703fd589ee,"{'has_korean': True, 'has_english': True}"
classification,cls_0208,問云云.,疑,Q9c4c1609332b,"{'has_korean': True, 'has_english': True}"
classification,cls_0209,子曰政也者蒲蘆又曰德之流行速於置郵而傳命其輕重遲速可得聞歟,疑,Q33d8acafa70e,"{'has_korean': True, 'has_english': True}"
classification,cls_0210,"問: _淵_然歎曰: “仰之彌高, 鑽之彌堅, 瞻之在前, 忽焉在後.” 或高或堅在前在後者, 果何物歟?",疑,Q6dd53774da0f,"{'has_korean': True, 'has_english': True}"
classification,cls_0211,"問: 《中庸》首章章句, “人物之生, 因各得其所賦之理, 以爲健順五常之德, 所謂性也”, 《朱子語類》曰 “健陽也 順陰也”, 仁義禮智四者, 知而言之, 仁禮屬陽, 義智屬陰 而〈樂記〉 “樂也者, 動於內;禮也者, 動於外”, 註以禮屬陰, 二書不同之義, 可得詳言歟?",疑,Qc2d0b6b1d303,"{'has_korean': True, 'has_english': True}"
classification,cls_0212,"問: 中庸第四章曰“道之不行也, 我知之矣, 愚者不及也, 道之不明也, 我知之矣, 不肖者不及也”, 第十二章曰“夫婦之愚, 可以與知焉, 夫婦之不肖, 可以能行焉”, 聖賢之言若是不同, 何也?",疑,Q8e9dee9a1eed,"{'has_korean': True, 'has_english': True}"
classification,cls_0213,"問: 子曰: “吾嘗終日不食, 終夜不寐以思, 無益.” 孟子曰: “思則得之, 不思則不得.” 思一也, 而孔子則以爲無益, 孟子則以爲得之, 聖人之言, 有此異同, 何歟?",疑,Q2648f67f3c76,"{'has_korean': True, 'has_english': True}"
classification,cls_0214,"問: 孔子以比干諫而死爲仁, 孟子以百里奚不諫而去爲智. 諫者是則不諫者必非, 而聖賢俱許之者, 何歟? 比干之仁, 其可謂不智, 而百里奚之去, 亦由於不仁歟?",疑,Q6cae6b785648,"{'has_korean': True, 'has_english': True}"
classification,cls_0215,"問: 夫子謂令尹子文忠矣, 問其仁, 曰: “未知, 焉得仁?” 又謂陳文子淸矣, 問其仁, 曰: “未知, 焉得仁?” 忠者, 當無不仁, 淸者, 當無不仁矣, 旣許其忠而不許其仁, 旣許其淸而不許其仁者, 何歟? 忠者淸者, 不得爲仁, 則比干之忠, 伯夷之淸, 亦不得爲仁歟?",疑,Q15d838c81436,"{'has_korean': True, 'has_english': True}"
classification,cls_0216,"問: 中庸曰""無道其_足以容"", 然則箕子比干何以以仁見稱於夫子, 而寗武子之愚_伯玉之卷懷, 果合於中庸之道歟?",疑,Q17261c1246a4,"{'has_korean': True, 'has_english': True}"
classification,cls_0217,"問: 《中庸》曰“致中和, 天地位焉, 萬物育焉”, 夫中和者, 性情之德而在人者也. 天地之大於位育之功者, 何歟?",疑,Q3926eb00f511,"{'has_korean': True, 'has_english': True}"
classification,cls_0218,問云云,疑,Q194d2cd2bdc0,"{'has_korean': True, 'has_english': True}"
classification,cls_0219,"問: 公孫丑曰: ""昔者, 竊聞之, 子夏子游子張, 皆有聖人之一體, _牛閔子顔淵, 則具體而微, 敢問所安."" 曰: ""姑舍是."" 游夏子張, 俱以聖門高弟身通六藝, 而謂有聖人之一體者, 何歟? 所有之一體, 皆可歷陳歟? _閔二子, 皆可班於亞聖之顔子歟? 顔子亞聖也, 而鄒聖之喩以姑舍是者, 何歟?",疑,Q02fddc47f9c0,"{'has_korean': True, 'has_english': True}"
classification,cls_0220,"問: 中庸曰""鬼神之爲德, 其盛矣乎"", 此_統言造化陰陽之氣也, 而又曰""使天下之人齊明盛服, 以承祭祀, 洋洋乎如在其上, 如在其左右"", 此又專言人事一邊者其義何歟? 夫其氣已散之後, 只是齊明盛服, 而使能使洋洋如在者, 何歟? 而所謂洋洋如在之實統言專言之分, 可以詳言歟. 一理流通幽顯無間, 則其祭祀而人神感應之妙, 又可詳聞歟.",疑,Q28bb1fcba667,"{'has_korean': True, 'has_english': True}"
classification,cls_0221,問: 中庸不偏不倚,疑,Q1959b1efe348,"{'has_korean': True, 'has_english': True}"
classification,cls_0222,"問: 大學曰: “明明德.” 朱子釋之曰: “虛靈不昧, 以具衆理.” 所謂虛靈, 何樣底物事, 而何以謂之虛, 何以謂之靈歟? 朱子又曰: “虛靈不昧四字, 說明德意已足.” 四字之中, 只見其說明底意, 而不見其說德底意, 何歟? 若以聖凡而論之, 所謂虛靈, 有分數歟? 無分數歟? 所謂衆理, 乃仁義禮智四者也, 四者旣具於虛靈, 則虛靈之中, 仁義禮智, 各占間架歟? 渾淪一物歟? 若謂之各占間架, 則一方寸之中, 何以各占? 若謂之渾淪一物, 則四性之隨感各應, 何歟? 願聞其說.",疑,Q8f6059b52506,"{'has_korean': True, 'has_english': True}"
classification,cls_0223,"問 論語: “行有餘力, 則以學文.” 又曰: “子以四敎, 文行忠信.” 由前而言, 則行爲本, 而文爲末, 由後而言, 則文居先, 而行居後. 敎與學之問, 其所以不同者, 可得聞歟?",疑,Qe15c1b9734d1,"{'has_korean': True, 'has_english': True}"
classification,cls_0224,"問: 孟子曰""於崇, 吾得見王, 退而有去志, 久於齊, 非我志也"", 又曰""非我志也"", 又曰: ""予三宿而出晝, 於予心, 猶以爲速. 王如改諸, 則必反予."" 見王之初已有去志, 去齊之時, 猶以三宿爲速, 至有反予之望, 何歟?",疑,Q7a18e7056bca,"{'has_korean': True, 'has_english': True}"
classification,cls_0225,"問: 論語浴乎沂風乎舞雩詠而歸, 朱子曰“看其意有鳳凰翔于千_底氣像”, 浴沂風雩之氣象何如而譬於凰翔千_, 凰翔千_之氣象何如而譬諸浴沂舞, 其引譬之氣象可以形容歟.",疑,Q418249af2a76,"{'has_korean': True, 'has_english': True}"
classification,cls_0226,"問: 子曰: “知及之, 仁能守之, 莊而_之, 動之不以禮, 未善也.” 仁者, 本心之全德, 禮者, 天理之節文也, 蓋心之全德, 莫非天理, 天理全於我, 則所謂節文, 宜中間物事也, 豈有仁而不能動民以禮者乎? 聖人之訓, 必有深意. 願聞其說.",疑,Q5ded8714176f,"{'has_korean': True, 'has_english': True}"
classification,cls_0227,"問: 子貢曰 “夫子之言性與天道, 不可得而聞也”, 然則子思之首言天命之性, 孟子之必稱性善, 何所據而若是言之歟?",疑,Q15daed0f0b72,"{'has_korean': True, 'has_english': True}"
classification,cls_0228,"_於詩, 書於春秋, 雜出於傳記百家之書, 押書.",疑,Qf523d4ec36bf,"{'has_korean': True, 'has_english': True}"
classification,cls_0229,"問: 哀公問弟子, ""孰爲好學"", 孔子對曰, ""有顔回者, 好學, 不遷怒, 不貳過, 不幸短命死矣. 今也則亡, 未聞好學者也"", 未所謂學者, 學所以至於聖人之道也. 聖門諸子何莫非欲學聖人者, 而夫子獨稱顔子以好學者, 何歟? 子游子夏皆在文學之科, 而夫子不許好學, 至如曾氏之學, 得聞一貫之旨, 能傳聖人之統, 則宜與顔子之學無別, 而夫子不許好學者, 何歟? 抑其好學不及於顔子而然歟?",疑,Q6819e1b33e37,"{'has_korean': True, 'has_english': True}"
classification,cls_0230,"子思曰: ""仲尼祖述堯舜, 憲章文武."" 其所以祖述憲章者, 何事歟? 於堯舜, 言祖述不言憲章, 於文武, 言憲章不言祖述者, 抑何意歟? 四聖人之外, 抑無他聖之可言歟?",疑,Q21596502f204,"{'has_korean': True, 'has_english': True}"
classification,cls_0231,"問: 孟子曰 “我四十不動心.” 然則心貴不動, 而以亞聖之學, 四十以前, 不能無動歟? 又曰: ""動心忍性, 增益其所不能"" 此則反以動心爲增益之資, 何歟?",疑,Qc557312b610e,"{'has_korean': True, 'has_english': True}"
classification,cls_0232,"問 大學修身章第一節曰: “心有所忿_, 則不得其正, 有所恐懼, 則不得其正, 有所好樂, 則不得其正, 有所憂患, 則不得其正.” 此言有心者之病也. 第二節曰: “心不在焉, 視而不見, 聽而不聞, 食而不知其味.” 此言無心者之病也. 有心者旣有病, 則無心者宜無病, 無心者旣有病, 則有心者宜無病, 而有心無心, 皆不免於有病者, 何歟? 然則學者當有心歟? 當無心歟? 願聞其說.",疑,Q0a75e2af2b4f,"{'has_korean': True, 'has_english': True}"
classification,cls_0233,"問: 公孫丑問浩然之氣, 孟子曰“難言”, 程子曰: “觀此一言, 則孟子之實有是氣, 可知.” 孟子實有是氣, 則必不難言而曰難言者, 何歟?",疑,Q5827f500f30e,"{'has_korean': True, 'has_english': True}"
classification,cls_0234,"《論語》曰""如有王者作必世而後仁"", 又曰""苟有用我者, 三年有成"", 在王者則遠以必世爲期, 在我則近以三年爲限, 何歟?",疑,Qa3809dec2fcb,"{'has_korean': True, 'has_english': True}"
classification,cls_0235,"問: 曾點曰""暮春者, 春服旣成, 冠者五六人, 童子六七人, 浴乎沂, 風乎舞雩, 詠而歸"", 夫子_然탄왈""吾與點也. 其與天地萬物, 上下同流, 各得其所之妙, 可得聞之歟"", 且只言暮春而不言四時於夏於秋於冬, 則無是樂歟. 願與諸生論之.",疑,Q6d3389106d84,"{'has_korean': True, 'has_english': True}"
classification,cls_0236,"問: 中庸曰: ""好學近乎知, 力行近乎仁, 知恥近乎勇."" 此固學者, 入德之事, 而論語曰: ""知者不惑, 仁者不憂, 勇者不懼."" 其立言之旨, 亦有同異之可言歟? 朱子釋之曰: ""成德, 以仁爲先, 進學, 以知爲先."" 此誠而明, 明而誠也. 然則不惑不憂不懼, 與好學力行知恥, 當幷屬之誠而明歟? 或分屬之明而誠歟? 若以四端而言, 則仁居知先, 若以八條而言, 則言知而不言仁, 若以孟子所云勇之大小而言, 則又不兼言知仁, 似與三達德幷論者有異, 抑有旨義歟? 各有所主而然歟?",疑,Q21596502f204,"{'has_korean': True, 'has_english': True}"
classification,cls_0237,"問: 大學傳四章: ""子曰: 聽訟, 吾猶人也, 必也使無訟乎?"" 以訟言之, 則何者爲本, 何者爲末歟? 將釋本末, 而必引聽訟之訓者, 何歟? 願聞其說.",疑,Qb67e6ee6e4b4,"{'has_korean': True, 'has_english': True}"
classification,cls_0238,"問: 孟子於湍水章曰: ""是豈水之性哉?"" 水果有性歟? 牛山章曰: ""此豈山之性哉?"" 山亦有性歟? 山與水旣有性, 則亦有情意之可論歟? 山水之性, 無與於人之性, 則孟子必引以明性善之理, 何歟?",疑,Q5dfb3045c8ca,"{'has_korean': True, 'has_english': True}"
classification,cls_0239,"孟子見梁惠王, 王立於沼上, 顧鴻__鹿曰: “賢者亦樂此乎?” 孟子對曰: “賢者而後, 樂此” 引靈臺之詩, 以爲訂文王. 未嘗以池臺鳥獸爲樂, 而猶且云然, 宜不足以格其非心, 豈若同其有愧心, 而直言其非使, 或有曉悟歟?",疑,Qe85e4285b672,"{'has_korean': True, 'has_english': True}"
classification,cls_0240,"問: 孟子曰 “其爲氣也, 配義與道”, 又曰 “是集義所生者”, 由前觀之, 則氣以配義, 由後觀之, 則義以生氣.",疑,Q5d5a87e99d19,"{'has_korean': True, 'has_english': True}"
classification,cls_0241,"問: 子曰: “學而時習之, 不亦悅乎?” 又曰: “弟子入則孝, 出則悌, 謹而信, 汎愛衆, 而親仁, 行有餘力, 則以學文.” 時習餘力, 有先後緩急之不同歟? 時習而悅者, 何事, 而孝悌以下工夫, 亦可以不學而爲之歟?",疑,Q74aa6e79b631,"{'has_korean': True, 'has_english': True}"
classification,cls_0242,"問: 中庸曰 “鬼神之德盛矣” 論語曰 “子不語神” 子曰 “死生有命” 論語曰 “子罕言命” 旣曰盛矣. 則又稱不語者, 何歟? 旣曰有命, 則又之罕言者, 何歟?",疑,Q463d6b11a52b,"{'has_korean': True, 'has_english': True}"
classification,cls_0243,"問: 子曰 “君子謀道, 不謀食.” 禹稷躬稼, 何所謀歟?",疑,Qecd42660082c,"{'has_korean': True, 'has_english': True}"
classification,cls_0244,"子曰""四十而不惑"", 孟子曰""四十而不動心"", 不惑與不動心, 抑有輕重之別, 而未四十之前, 則雖聖賢猶不免惑與動心歟?",疑,Q68fd2542725c,"{'has_korean': True, 'has_english': True}"
classification,cls_0245,問云云,疑,Q194d2cd2bdc0,"{'has_korean': True, 'has_english': True}"
classification,cls_0246,問 云云,疑,Q750f28366a92,"{'has_korean': True, 'has_english': True}"
classification,cls_0247,"問: 子曰“古之愚也直, 今之愚也詐而已”, 其愚則一也, 而有古今之殊者, 何也? _武子之愚, 古也其果直也, 柴也之愚, 今也其果詐歟.",疑,Qd28f85d3c0a5,"{'has_korean': True, 'has_english': True}"
classification,cls_0248,"問: 孟子曰: ""聞伯夷之風者, 聞柳下惠之風者."" 獨於伊尹不言風者, 何歟?",疑,Q7985eaae5313,"{'has_korean': True, 'has_english': True}"
classification,cls_0249,"子曰""道之以政, 齊之以刑"", 又曰""民可使由之, 不可使知之"", 君子爲邦固可導, 齊之以刑, 而可使有之, 不可使知之者, 何歟?",疑,Q2d749a0a5bcf,"{'has_korean': True, 'has_english': True}"
classification,cls_0250,"問 中庸曰: “夫婦之愚, 可以與知焉, 及其至也, 雖聖人亦有所不知焉, 夫婦之不肖, 可以能行焉, 及其至也, 雖聖人亦有所不能焉.” 聖人亦有所不知不能歟? 聖人而不知不能, 則知之能之者.果誰歟?",疑,Qd1eb749638ee,"{'has_korean': True, 'has_english': True}"
classification,cls_0251,"問: 夫子之於人, 許仁鮮矣, 仲弓季路聖門之高弟, 不許其仁. 令尹子文陳文子列國之賢大夫, 亦不許其仁. 獨於管仲曰如其仁如其仁者, 何歟?",疑,Qb815ffffc5c6,"{'has_korean': True, 'has_english': True}"
classification,cls_0252,"論語曰 : 無友不如己者. 然則己之所友者, 其必求勝於己者, 其肯友不如己者乎?",疑,Q3f0b636423ee,"{'has_korean': True, 'has_english': True}"
classification,cls_0253,"問: 大學曰: ""明明德."" 明德者, 虛靈不昧, 具衆理而應萬事者也. 靈底是心, 實底是性, 則心與性, 自有分別矣. 合是心合是性爲明德, 而以如何分別爲言者, 何歟? 靈處是心不是性, 則只虛靈不昧四字, 說明德意已足云者, 又何歟?",疑,Qdc8bbfda652a,"{'has_korean': True, 'has_english': True}"
classification,cls_0254,"問: _淵問仁, 子曰: “克己復禮爲仁.” _淵請問其目, 子曰: “非禮勿視, 非禮勿聽, 非禮勿言, 非禮勿動.” 夫仁者, 包四性, 爲本心之全德, 禮者, 是性中一箇物, 而夫子以復禮爲仁者, 何也? 且四者, 修身之大法, 而九經之論修身, 只曰非禮不動, 而不及視聽言者, 亦何也? 願聞其說.",疑,Q6dd53774da0f,"{'has_korean': True, 'has_english': True}"
classification,cls_0255,"問: 中庸曰: ""天命之謂性."" 朱夫子釋之曰: ""氣以成形, 而理亦賦焉."" 理氣二字, 自三代以來, 詩書易禮及漢儒之書, 未嘗說出, 至濂洛諸賢, 始言之者, 何也? 陰陽未判之前, 萬物未生之初, 氣獨於何處, 理寓於何物歟?",疑,Qc35a25d69fdc,"{'has_korean': True, 'has_english': True}"
classification,cls_0256,"問: 大學曰""格物而後知至"", 致知固在於格之之後, 而朱子補亡章曰""因其已知之理而益窮之然"", 則格物反在於知至之後歟? 經文則只說格物, 不說窮其理, 而補亡章則曰""卽物"", 而窮其理聖賢謨訓之不同, 何歟?",疑,Q17261c1246a4,"{'has_korean': True, 'has_english': True}"
classification,cls_0257,"問: “禮云禮云, 玉帛云乎哉. 樂云樂云, 鍾鼓云乎哉”, 禮樂之本, 雖不在於玉帛鍾鼓, 而苟非玉帛鍾鼓, 則禮樂將何所寓而何所施歟? 程子曰“道亦器, 器亦道也”, 道與器亦可明言歟?",疑,Qb8fc5680178f,"{'has_korean': True, 'has_english': True}"
classification,cls_0258,"士之所以進德修業者, 必資於師友之講論切磋, 而孟者曰""人之患在好爲人師"", 人皆以好爲人師相戒, 則小子後生於何考?",疑,Q68fd2542725c,"{'has_korean': True, 'has_english': True}"
classification,cls_0259,"問: 子曰""逝者如斯夫, 不舍晝夜"", 孟子曰""觀水有術, 必觀其瀾"", 聖賢觀水, 如是不同, 而或有同異之可言歟?",疑,Q13848f0ec655,"{'has_korean': True, 'has_english': True}"
classification,cls_0260,"問: 子思以喜怒哀樂爲七情, 孟子以惻隱羞惡辭讓是非之心爲四端, 先儒或以爲發於氣而理隨之, 或以爲發於理而氣乘之, 或以爲發之者氣也, 所以發者理也, 何說得其正歟?",疑,Q1a6cc77f69fa,"{'has_korean': True, 'has_english': True}"
classification,cls_0261,"問: 論語曰“或問_之說”, _義之不明已, 自夫子時然矣. 今以經傳所載論之有不王不_之_, 有_嘗之_, 有終王之_, 或祀於_邱, 或祀於明堂, 或祀於太廟, 其同異可言歟? 或者所問是魯禮之_, 則註以爲_於周公之廟, 又引魯之郊_之文, 郊與廟之間, 果指何_, 夫子所答亦指何_, 而治天下之不難, 當可何_而明之歟?",疑,Qb0570d70f8f0,"{'has_korean': True, 'has_english': True}"
classification,cls_0262,"問: 子曰: “齊桓公 正而不譎.” 夫子旣稱其正, 則孟子之謂仲尼之徒無道其事者, 何歟?",疑,Q2648f67f3c76,"{'has_korean': True, 'has_english': True}"
classification,cls_0263,"問: 論語曰: ""知者動, 仁者靜."" 以五常配四時, 則知屬於冬, 仁屬於春, 冬之收斂閉藏, 當屬於靜, 春之噓茁發生, 當屬於動, 而今乃曰知者動仁者靜, 何歟?",疑,Q75dc0797ffed,"{'has_korean': True, 'has_english': True}"
classification,cls_0264,"問: 孔子曰“四十而不惑”, 孟子曰“四十不動心”, 不惑與不動心, 同歟, 異歟?",疑,Q2a7e72110745,"{'has_korean': True, 'has_english': True}"
classification,cls_0265,"問: 中庸曰: “大德必得其位, 必得其祿, 必得其名, 必得其壽.” 大德之必得位祿名壽者, 必有所以然. 願聞其說.",疑,Qccfa01280c6a,"{'has_korean': True, 'has_english': True}"
classification,cls_0266,"問: 中庸第十章, 言南柔北强, 而南北以土地屬陰陽, 則南屬於陽, 北屬於陰. 陽强陰柔, 是理之常也, 今反謂之陰强陽柔, 何歟?",疑,Qfcd6fd531b70,"{'has_korean': True, 'has_english': True}"
classification,cls_0267,"問: 子曰 “聽訟吾猶人也, 必也使無訟乎”, 堯之世訟獄者之舜, 舜之世訟獄者之禹, 以堯舜之聖, 不能使民無訟, 何歟? 宰我曰 “賢於堯舜”, 或謂此等處之言歟?",疑,Qa958ec2110fe,"{'has_korean': True, 'has_english': True}"
classification,cls_0268,問 云云,疑,Qf64a83b30fd1,"{'has_korean': True, 'has_english': True}"
classification,cls_0269,"子曰: “民可使由之, 不可使知之.” 凡民必先知其理, 然後可知所由, 聖人設敎, 不使民知之者, 其義安在?",疑,Qab6daefc0334,"{'has_korean': True, 'has_english': True}"
classification,cls_0270,"問: 子曰 “君子不憂.” 孟子曰 “堯以不得舜爲己憂, 舜以不得禹皐陶爲己憂.” 中庸曰: “恐懼乎所不聞.” 大學曰: “心有所恐懼, 則不得其正.” 亞聖之言, 似若遙庭於夫子之訓, 大學之敎, 未免崖異於中庸之義者, 何歟?",疑,Qd417685fe7e5,"{'has_korean': True, 'has_english': True}"
classification,cls_0271,"問: 孟子曰 “舜察於庶物, 明於人倫, 繼之以禹湯文武周公孔子.” 盖言群聖以道相承也. 堯以允執厥中, 授諸舜, 而獨不言之何歟? 其曰周公思兼三王者, 謂斟酌三王之事, 而損益之, 猶孔子集群聖而大成也. 然於七篇末章, 歷論道統傳授, 首之以堯, 如太公望散宜生亦在於見而知之之列, 而獨不槪及於周公者, 亦有徵意於其間歟?",疑,Q3c2238e0c08b,"{'has_korean': True, 'has_english': True}"
classification,cls_0272,"問: 顔子曰: ""博我以文, 約我以禮."" 侯氏曰: ""博文, 格物致至, 約禮, 克己復禮."" 博文之所以爲格致, 約禮之所以爲克復, 可詳言歟?",疑,Q65e87cce0b0b,"{'has_korean': True, 'has_english': True}"
classification,cls_0273,"問: 夫子答弟子之問, ""仁多矣"", 於顔子則曰""克己復禮"", 於仲弓則曰""如見大賓, 如承大祭, 己所不欲勿施於人"", 集註以乾道坤道分而言之者, 其義可得詳言歟?",疑,Q5d1d60cd4142,"{'has_korean': True, 'has_english': True}"
classification,cls_0274,問：《論語》子曰：吾十有五而志于學，三十而立，四十而不惑，五十而知天命，六十而耳順，七十而從心所欲不踰矩。夫子自言進德之序如此，而始限十五年，其修每限十年，其久速之稍異何歟？有始終淺深之可言歟？願聞其說。,疑,Q651d79fc52d4,"{'has_korean': True, 'has_english': True}"
classification,cls_0275,"問: 子曰“假我數年而學易, 可以無大過”, 必也學易而後無過, 則下文所稱子所雅言詩書執禮, 皆未可以無過歟.",疑,Q418249af2a76,"{'has_korean': True, 'has_english': True}"
classification,cls_0276,"問: 陽貨欲見孔子, 孔子不見, 公山弗擾召, 子欲往, 佛_召, 子欲往, 三人之惡一也, 夫子或不見或欲往, 何歟? 若謂公山可以改過, 而佛_不能_己, 則陽貨獨不可改過能_己歟.",疑,Q538619992d3d,"{'has_korean': True, 'has_english': True}"
classification,cls_0277,"子曰: “君子, 周而不比, 小人, 比而不周.” 周比之義, 可得聞其詳歟?",疑,Q333ed441af0c,"{'has_korean': True, 'has_english': True}"
classification,cls_0278,"問: 孟子之論心曰""存心"", 曰""養心, 曰""求放心"", 曰""不動心"", 其工夫之次第歸趣之同異, 可以歷指, 而此外有極功之可言者歟?",疑,Q39c3f34a935c,"{'has_korean': True, 'has_english': True}"
classification,cls_0279,"中庸曰 : 喜怒哀樂之未發, 謂之中. 又曰 : 君子中. 中庸又曰 : 中立不倚. 三箇中字, 俱指未發之中歟, 亦指已發之中歟? 此與在中時中之義, 同歟, 異歟?",疑,Q7ed56bc3ff75,"{'has_korean': True, 'has_english': True}"
classification,cls_0280,"問: 論語知新重於溫故, 中庸則溫故重於知新, 云云.",疑,Qa1930368a0a9,"{'has_korean': True, 'has_english': True}"
classification,cls_0281,"問: 孟子對齊宣王好貨之問曰: “乃積乃倉”, 對好色之問曰“爰及姜女”, 古之人君孰無積倉之實宜家之樂, 而孟子獨以公劉古公之事告之, 有若眞有偏好之病者, 何歟? 宣王之於貨於色, 果有偏好之病, 則孟子何不直斥其非_改其過, 而泛引兩君之事, 反若稱譽者然, 何歟? 願聞其說.",疑,Q5331d125beda,"{'has_korean': True, 'has_english': True}"
classification,cls_0282,"問: 子曰""道之不行也, 我知之矣, 智者過之, 愚者不及也. 道之不明也, 我知之矣, 賢者過之, 不肖者不及也"", 知合屬明而道之不行也曰""智者過之"", 賢合屬行而道之不明也曰""賢者過之"", 何歟? 過與不及俱爲失中, 則知愚賢不肖終不可入於道歟?",疑,Q0560e6a3b9aa,"{'has_korean': True, 'has_english': True}"
classification,cls_0283,"問: 子曰 “吾道一以貫之”, 《中庸》曰 “君子之道四”, 道則同也, 而或曰一或曰四, 何也?",疑,Q600f259c2497,"{'has_korean': True, 'has_english': True}"
classification,cls_0284,"問: 子曰 “天下國家可均也, 爵綠可辭也, 白刃可蹈也.” 辭爵祿之難, 直與均天下蹈白刃 竝稱何歟?",疑,Q78220507c79d,"{'has_korean': True, 'has_english': True}"
classification,cls_0285,"問: 子曰""攻乎異端, 斯害也已"", 攻而斯之義可得聞歟?",疑,Q3139c6b977f2,"{'has_korean': True, 'has_english': True}"
classification,cls_0286,無感我_兮.,義,Q860aeb0e2903,"{'has_korean': True, 'has_english': True}"
classification,cls_0287,戰陣無勇非孝. 禮.,義,Q6989cc50501d,"{'has_korean': True, 'has_english': True}"
classification,cls_0288,上下和親而不相怨.,義,Q4c3c9a1327b1,"{'has_korean': True, 'has_english': True}"
classification,cls_0289,一陰一陽之謂道.,義,Q43e511d39536,"{'has_korean': True, 'has_english': True}"
classification,cls_0290,入學以齒,義,Q3068b641faae,"{'has_korean': True, 'has_english': True}"
classification,cls_0291,"股肱喜哉, 元首起哉.",義,Q3a13f41c3d90,"{'has_korean': True, 'has_english': True}"
classification,cls_0292,于嗟乎騶虞.,義,Qae63ec01c3be,"{'has_korean': True, 'has_english': True}"
classification,cls_0293,築傳巖之野,義,Qaf4264deb107,"{'has_korean': True, 'has_english': True}"
classification,cls_0294,庸庸祗祗威威,義,Q92b9f38367c1,"{'has_korean': True, 'has_english': True}"
classification,cls_0295,錫汝保極,義,Q9736e84ed280,"{'has_korean': True, 'has_english': True}"
classification,cls_0296,野夫黃冠,義,Q228bf46a0dd8,"{'has_korean': True, 'has_english': True}"
classification,cls_0297,蓄疑敗謀.,義,Q1eb806b3c5fc,"{'has_korean': True, 'has_english': True}"
classification,cls_0298,三五而盈. 禮義.,義,Qabc374df3357,"{'has_korean': True, 'has_english': True}"
classification,cls_0299,尊有玄酒,義,Qbcf6e8de35f7,"{'has_korean': True, 'has_english': True}"
classification,cls_0300,冀州.,義,Q887b2e3f51d6,"{'has_korean': True, 'has_english': True}"
classification,cls_0301,他山之石可以攻玉.,義,Q720e68f492ae,"{'has_korean': True, 'has_english': True}"
classification,cls_0302,"黍稷重_, 禾麻菽麥.",義,Qa4fe55fe28b2,"{'has_korean': True, 'has_english': True}"
classification,cls_0303,月生於西.,義,Q8af1868e093e,"{'has_korean': True, 'has_english': True}"
classification,cls_0304,此順之實.,義,Qcaaba36d02ab,"{'has_korean': True, 'has_english': True}"
classification,cls_0305,是月也.,義,Q4896f588876e,"{'has_korean': True, 'has_english': True}"
classification,cls_0306,"用民之力, 歲不過三日.",義,Qf8e3c11675ff,"{'has_korean': True, 'has_english': True}"
classification,cls_0307,習容觀玉聲乃出.,義,Q0f13384f87f3,"{'has_korean': True, 'has_english': True}"
classification,cls_0308,厥包橘柚錫貢.,義,Q12e3479e5c62,"{'has_korean': True, 'has_english': True}"
classification,cls_0309,以燕樂嘉賓之心,義,Q03c00a6ccf2e,"{'has_korean': True, 'has_english': True}"
classification,cls_0310,其心好之不_如自其口出.,義,Q28c1dd1f78ca,"{'has_korean': True, 'has_english': True}"
classification,cls_0311,"器用陶匏, 以象天地之性.",義,Q7acf4e072fb0,"{'has_korean': True, 'has_english': True}"
classification,cls_0312,大德不官大道不器.,義,Qdfe4c2f15f15,"{'has_korean': True, 'has_english': True}"
classification,cls_0313,天子搢珽. 禮義.,義,Qda1dd5c2e637,"{'has_korean': True, 'has_english': True}"
classification,cls_0314,"我心之憂, 日月逾邁, 若不云來.",義,Q864918571b9c,"{'has_korean': True, 'has_english': True}"
classification,cls_0315,方以類聚,義,Q26a9837a95a5,"{'has_korean': True, 'has_english': True}"
classification,cls_0316,月出之光.,義,Q41c2a43ed0e7,"{'has_korean': True, 'has_english': True}"
classification,cls_0317,講學以_之. 禮義.,義,Qe01da50bf360,"{'has_korean': True, 'has_english': True}"
classification,cls_0318,"三加彌尊, 加有成也.",義,Qcac73ece28ee,"{'has_korean': True, 'has_english': True}"
classification,cls_0319,"天不愛其道, 地不愛其寶, 人不愛其情.",義,Q6ed9d6c2e6fd,"{'has_korean': True, 'has_english': True}"
classification,cls_0320,自古有年.,義,Qf3d9ed658d67,"{'has_korean': True, 'has_english': True}"
classification,cls_0321,推而放諸東海而準,義,Q1169b06d7482,"{'has_korean': True, 'has_english': True}"
classification,cls_0322,是謂發天地之房,義,Q974f6d018cf3,"{'has_korean': True, 'has_english': True}"
classification,cls_0323,今天動威以彰周公之德.,義,Q43d3df7929b6,"{'has_korean': True, 'has_english': True}"
classification,cls_0324,_章左_.,義,Q64da39a6ba9c,"{'has_korean': True, 'has_english': True}"
classification,cls_0325,"鳶飛戾天, 魚躍于淵. 詩義.",義,Q3fe0f4aa0cd9,"{'has_korean': True, 'has_english': True}"
classification,cls_0326,"天下有道, 則行有枝葉.",義,Q8938f07ce20f,"{'has_korean': True, 'has_english': True}"
classification,cls_0327,初一曰五行.,義,Q9d1294de9edf,"{'has_korean': True, 'has_english': True}"
classification,cls_0328,于周受命. 詩.,義,Qb86f9379145b,"{'has_korean': True, 'has_english': True}"
classification,cls_0329,"何以射, 何以聽?",義,Q1dffad7919fa,"{'has_korean': True, 'has_english': True}"
classification,cls_0330,"聖人久於其道, 而天下化成.",義,Qbc360ced2d4f,"{'has_korean': True, 'has_english': True}"
classification,cls_0331,惟龜正之.,義,Q8abc745eaf91,"{'has_korean': True, 'has_english': True}"
classification,cls_0332,曲禮.,義,Qbfaa51a4b718,"{'has_korean': True, 'has_english': True}"
classification,cls_0333,惟十有三祀,義,Q5a0f5a80b153,"{'has_korean': True, 'has_english': True}"
classification,cls_0334,人情聖王之田,義,Qeacb31fd532f,"{'has_korean': True, 'has_english': True}"
classification,cls_0335,鞠有黃華,義,Qf2bd5569ee2c,"{'has_korean': True, 'has_english': True}"
classification,cls_0336,"禮也者, 猶體也. 禮義.",義,Q73c579d65e3c,"{'has_korean': True, 'has_english': True}"
classification,cls_0337,"樂行而倫淸, 耳目聰明, 血氣和平, 移風易俗, 天下皆寧.",義,Q0e536ed4c1ba,"{'has_korean': True, 'has_english': True}"
classification,cls_0338,二之日其同,義,Q49bc0fbac3ba,"{'has_korean': True, 'has_english': True}"
classification,cls_0339,"商邑翼翼, 四方之極.",義,Q04f78da7d78d,"{'has_korean': True, 'has_english': True}"
classification,cls_0340,"明兩作_, 大人以繼明, 照于四方.",義,Qfc755d4b5972,"{'has_korean': True, 'has_english': True}"
classification,cls_0341,曰重華,義,Q99a9aa42c093,"{'has_korean': True, 'has_english': True}"
classification,cls_0342,大夫_.,義,Q610eee1b106e,"{'has_korean': True, 'has_english': True}"
classification,cls_0343,天聰明自我民聰明,義,Q04bff7e98856,"{'has_korean': True, 'has_english': True}"
classification,cls_0344,旣月,義,Q5fdccbd7f0b2,"{'has_korean': True, 'has_english': True}"
classification,cls_0345,用宏玆賁.,義,Q96cf58e11a11,"{'has_korean': True, 'has_english': True}"
classification,cls_0346,水火金木土穀,義,Q99a9aa42c093,"{'has_korean': True, 'has_english': True}"
classification,cls_0347,于周受命,義,Q9a08e55e9cf6,"{'has_korean': True, 'has_english': True}"
classification,cls_0348,完且不費善衣之次.,義,Q291a8327ed82,"{'has_korean': True, 'has_english': True}"
classification,cls_0349,凡周之士不顯亦世,義,Qf8a0a278ef00,"{'has_korean': True, 'has_english': True}"
classification,cls_0350,不可不敬德.,義,Qb4e02a77c257,"{'has_korean': True, 'has_english': True}"
classification,cls_0351,八月其穫.,義,Qb1399ccc9a1a,"{'has_korean': True, 'has_english': True}"
classification,cls_0352,"惟我文考, 若日月之照臨, 光于四方, 顯于西土.",義,Q42c8809c7fae,"{'has_korean': True, 'has_english': True}"
classification,cls_0353,北面,義,Q92ac87183d32,"{'has_korean': True, 'has_english': True}"
classification,cls_0354,古之人與古之人也.,義,Q7df34f1a15aa,"{'has_korean': True, 'has_english': True}"
classification,cls_0355,恭以遠恥.,義,Qe19875b379de,"{'has_korean': True, 'has_english': True}"
classification,cls_0356,進士.,義,Q610eee1b106e,"{'has_korean': True, 'has_english': True}"
classification,cls_0357,"淸明象天, 廣大象地, 終始象四時, 周旋象風雨.",義,Qf1bd82e76a58,"{'has_korean': True, 'has_english': True}"
classification,cls_0358,其日甲乙.,義,Q0b752b0a37d3,"{'has_korean': True, 'has_english': True}"
classification,cls_0359,"維淸緝熙, 文王之典.",義,Q981a011f6c5d,"{'has_korean': True, 'has_english': True}"
classification,cls_0360,王敬作所,義,Q28c1dd1f78ca,"{'has_korean': True, 'has_english': True}"
classification,cls_0361,祗台德先,義,Qf9c0c525d72a,"{'has_korean': True, 'has_english': True}"
classification,cls_0362,庭燎之百由齊桓公始.,義,Q673d8aad5330,"{'has_korean': True, 'has_english': True}"
classification,cls_0363,以達秋氣.,義,Qe19875b379de,"{'has_korean': True, 'has_english': True}"
classification,cls_0364,土爰稼穡,義,Q3fd5df35ed0e,"{'has_korean': True, 'has_english': True}"
classification,cls_0365,鳳凰鳴矣于彼高岡.,義,Q498464c4094a,"{'has_korean': True, 'has_english': True}"
classification,cls_0366,以祈黃_.,義,Q430ec4b631ae,"{'has_korean': True, 'has_english': True}"
classification,cls_0367,分命羲仲.,義,Qce9edc827bd6,"{'has_korean': True, 'has_english': True}"
classification,cls_0368,薦鞠衣于先帝,義,Qc087c1a6abbd,"{'has_korean': True, 'has_english': True}"
classification,cls_0369,義天一,義,Q1a3d27d977db,"{'has_korean': True, 'has_english': True}"
classification,cls_0370,生民,義,Q21e851fb5f08,"{'has_korean': True, 'has_english': True}"
classification,cls_0371,聖人作而萬物覩.,義,Q40d9103d1829,"{'has_korean': True, 'has_english': True}"
classification,cls_0372,庸庸祗祗威威.,義,Q6748164bf578,"{'has_korean': True, 'has_english': True}"
classification,cls_0373,"降爾遐福, 維日不足.",義,Q306d19f33884,"{'has_korean': True, 'has_english': True}"
classification,cls_0374,日三,義,Q45f873018923,"{'has_korean': True, 'has_english': True}"
classification,cls_0375,"君子之馬, 旣閑且馳.",義,Q43492ed85990,"{'has_korean': True, 'has_english': True}"
classification,cls_0376,闔而勿遂,義,Q789a4605f9d7,"{'has_korean': True, 'has_english': True}"
classification,cls_0377,朱絃而疏越,義,Q35d3114d5c7c,"{'has_korean': True, 'has_english': True}"
classification,cls_0378,請慶多馬.,義,Qe5d02be540a8,"{'has_korean': True, 'has_english': True}"
classification,cls_0379,"以三十年之通, 制國用.",義,Q0b752b0a37d3,"{'has_korean': True, 'has_english': True}"
classification,cls_0380,不學操_不能安弦.,義,Qc3fdde5cff0a,"{'has_korean': True, 'has_english': True}"
classification,cls_0381,守成難,策,Q23d70b6145ff,"{'has_korean': True, 'has_english': True}"
classification,cls_0382,忠孝,策,Q0f0e5506009b,"{'has_korean': True, 'has_english': True}"
classification,cls_0383,安危治亂,策,Qf13bb316f0aa,"{'has_korean': True, 'has_english': True}"
classification,cls_0384,紀綱,策,Qb193dc48182e,"{'has_korean': True, 'has_english': True}"
classification,cls_0385,알 수 없음,策,Qe12494d39ffb,"{'has_korean': True, 'has_english': True}"
classification,cls_0386,廣謀獨斷,策,Qfd4234e206d9,"{'has_korean': True, 'has_english': True}"
classification,cls_0387,五行,策,Q1edab9ab76b7,"{'has_korean': True, 'has_english': True}"
classification,cls_0388,推是心行是政,策,Q4f6935d74738,"{'has_korean': True, 'has_english': True}"
classification,cls_0389,急務咸吉慶源之事,策,Qe228e3296776,"{'has_korean': True, 'has_english': True}"
classification,cls_0390,人材盛衰,策,Q3015d4a71f03,"{'has_korean': True, 'has_english': True}"
classification,cls_0391,"予以幼沖, 承祖宗艱大之業, 夙夜祗懼, 罔知攸濟。 卽位之初, 乃遭天譴, 旱乾爲災, 近歲所無, 其必人事有以召之, 予甚懼焉。 邇者, 國家多事, 民生困_, 儲峙虛耗。 今又年穀不登, 四方之民, 悉憂阻飢, 將何術以救之? 自古, 救荒之目, 非一。 在今, 何者爲先務乎? 又念爲國當尙節義, 以正士習。 近者, 士習不正, 廉恥道喪, 其故何歟? 人心不古若歟? 紀綱有未振歟? 伊欲使人人, 尙節義、勵廉恥, 其道何由? 予累下求言之敎, 人莫敢言。 子大夫, 窮經抱道, 皆有經濟之策, 其各悉陳無隱。",策,Qa8ae6b637e2f,"{'has_korean': True, 'has_english': True}"
classification,cls_0392,古之聖人,策,Qd6dfcc699520,"{'has_korean': True, 'has_english': True}"
classification,cls_0393,歷年長短,策,Qe6c033fe2085,"{'has_korean': True, 'has_english': True}"
classification,cls_0394,廣謀獨斷,策,Q3ce12c1603f0,"{'has_korean': True, 'has_english': True}"
classification,cls_0395,悔,策,Q315038f6ded7,"{'has_korean': True, 'has_english': True}"
classification,cls_0396,"積儲者, 國用民食之攸繫, 則爲邦先務, 莫大乎此. 其備豫蓄散之方, 可得以詳聞歟?",策,Q483724d6c1f6,"{'has_korean': True, 'has_english': True}"
classification,cls_0397,"問夙興夜寐箴 卽先賢自警之作, 而學者存養之極工也.(…)",策,Q7d589d84b201,"{'has_korean': True, 'has_english': True}"
classification,cls_0398,宗學戶口戶牌兵農奴婢,策,Qaa1c3de1287b,"{'has_korean': True, 'has_english': True}"
classification,cls_0399,"種之美, 而耕以時爲民之天, 爲國之寶者, 惟穀是已",策,Q8b6a48909d94,"{'has_korean': True, 'has_english': True}"
classification,cls_0400,要務,策,Qd6c3a5da88f3,"{'has_korean': True, 'has_english': True}"
classification,cls_0401,알 수 없음,策,Qae1d347e96c0,"{'has_korean': True, 'has_english': True}"
classification,cls_0402,理學,策,Q9b4ce4deb5ad,"{'has_korean': True, 'has_english': True}"
classification,cls_0403,"讀書者, 所以窮理致用也.",策,Q08a5649257a0,"{'has_korean': True, 'has_english': True}"
classification,cls_0404,"予以_德纘承丕緖, 夙夜思治, 惟是待夷狄裕民食之道, 究之未得其方。 我國家北有野人, 南有島倭, 投化糊口者, 日加絡繹, 盡欲接之, 則調度不裕, 難以應溪壑之需, 欲拒之不納, 則非特違招撫之義, 或生邊境之虞, 將何術以處之? 我國之民, 習性與中國不同, 飮食無節, _費稱貸, __不異, 欲常賑貸, 則畜積每患於虛竭, 欲不發粟, 則赤子殆轉于溝壑, 顧何修而可也? 諸生經世之策, 其必講之熟矣, 稽諸歷代, 酌乎時宜, 悉心以對。 予將觀有用之才。",策,Qd260464944d1,"{'has_korean': True, 'has_english': True}"
classification,cls_0405,夜氣,策,Qbb527c476fea,"{'has_korean': True, 'has_english': True}"
classification,cls_0406,"五經者, 千古斯文之宗, 百王출治之本",策,Q81b0c49913da,"{'has_korean': True, 'has_english': True}"
classification,cls_0407,制田之法,策,Qc4a583f48b45,"{'has_korean': True, 'has_english': True}"
classification,cls_0408,"王若曰 噫! 今日乾坤卽三代乾坤, 今日人物亦三代人物, 而鳴呼三代今日一, 何異裁?(…)",策,Q3994b2552e24,"{'has_korean': True, 'has_english': True}"
classification,cls_0409,"昔科第之取士, 較文藝而擢, 華國之藻, 登俊良而備, 需世之用者也.",策,Q912ee499d57d,"{'has_korean': True, 'has_english': True}"
classification,cls_0410,問。危者。安其位者也。亂者。有其治者也。在昔大猷之盛。長治久安。固非後世之所及。而未嘗有因危而致安。由亂而爲治者何歟。危莫如桀紂之世。亂莫如幽a152_379b_之時。而卒底於敗亡顚覆。不得安其位而有其治者何歟。成湯厄於夏臺而玄鳥之運始啓。文王拘於_里而蒼姬之命維新。若使湯文之聖。不遭危亂之會。則終不得以安其位而有其治歟。晉之文公。飽淹恤之艱難。而終成踐土之盟。越之句踐。忍臣妾之羞辱。而竟集沼吳之績。玆亦可謂由危而安。因亂而治者歟。唐德宗播越奉天。而不能_藩鎭之禍。漢昭烈崎嶇巴蜀。而卒未樹興復之業。二君之優劣不同。而其所以危不能安。亂不能治。同歸於一致者何歟。晉元之承基建康。危可謂甚矣。而不能恢百年之陸沈。a152_379c宋高之託國臨安。亂可謂極矣。而終未免一隅之偏安者。其故何歟。至若六朝五季之際。干戈日尋。簒奪相續。危亂之極。莫此時若也。其間亦或有安其位有其治者之可言歟。大抵殷憂所以啓聖。多難所以興邦。而_指前乘。歷考往轍。危機迭出。亂日常多。危者終於危。而由危而致安者少。亂者終於亂。而因亂而入治也難。苞桑之繫蔑蔑。覆隍之禍滔滔。是由於天運之使然歟。抑由於人事之有失歟。試以今日事觀之。餓_相望而黔黎靡孑。儲蓄空虛而經用_竭。則國勢不可謂不危。盜賊滋興而_鼓數警。人心不淑a152_379d而風俗頹壞。則邦內不可謂不亂。此政挽回轉移之一大機會也。如欲變危爲安。因亂爲治。_續景命。邦其永孚于休。則其道何由。諸生目擊時艱。必有能言是者。願聞其說。,策,Q57b605952fb1,"{'has_korean': True, 'has_english': True}"
classification,cls_0411,酒侈,策,Q1ecfc9e98f11,"{'has_korean': True, 'has_english': True}"
classification,cls_0412,士貴自知,策,Qf9f60619aa8c,"{'has_korean': True, 'has_english': True}"
classification,cls_0413,兵食,策,Q3512ef7eda18,"{'has_korean': True, 'has_english': True}"
classification,cls_0414,元會,策,Qbe6f8c7841cd,"{'has_korean': True, 'has_english': True}"
classification,cls_0415,王政損益,策,Q05e8366c289e,"{'has_korean': True, 'has_english': True}"
classification,cls_0416,九經,策,Q726da999c280,"{'has_korean': True, 'has_english': True}"
classification,cls_0417,_雍天子之學。所以興禮樂宣德化。敎導天下之人。使爲士君子者也。詩曰于彼西雍。朱子以爲天子_雍。水旋邱如璧。以節觀者。諸侯泮宮。東西門以南通水。北無也。旋邱半水之制。可得詳言歟。又曰於樂_雍。_氏言文王有_雍之樂。遂以_雍爲學名。然則樂以學而得名歟。學以樂而得名歟。鄭氏註云_明也。雍和也。盖言明之以法。和之以道。白虎通云_積也。雍壅也。是謂積其道德。壅其殘賊。二說未知孰是歟。左制中_。見於何說。右學東膠。昉於何代歟。明堂太學。淸廟太廟。異名而同事者。其言何據。有虞夏后殷人周人。養老於庠序者。其義奚取歟。太牢祀聖。宜興禮樂。則學校之設。何久因循。_爲得磬。無與儒化。則劉向之說。或近傅會歟。三月九日。躬行鄕射。三老五更。迎以安車。令節之必取此日。果是何義。或言東京太學。與_雍相去甚遠。然則漢世_雍。不爲養士之所。而明帝之幸。止爲老更之迎歟。德宗非至治之君。而歸崇敬引璧池璧沼之制。立省而敎士。雖其設施終歸於文具。而課經考貢之法。可以指陳歟。嘉祐之際。號稱多士。而王拱辰之言。不過增置制度而止。以歐陽之自任斯文。胡瑗之敎法最精。猶未興三代之古學者何歟。大經小經。固爲聖賢之遺書。而戰國策，說文，籌學，周_，綴術之兼習國學者。其說果非雜書。而無精力之恐分歟。四聖十哲。果是傳授之大賢。而高堂生，鄭玄，王賈，戴馬之幷侑聖廟者。其人皆爲醇儒而無瑕疵之可言歟。置博士三百六十員。皆非冗官。廣學舍一千八百楹。亦倣何制歟。讚典禮。傳習雅言。整法駕。討論大義。或雜出於歌頌。或散見於傳記。亦可考證而明言之歟。大抵_雍之與泮宮。其制雖殊。其義一也。自天子諸侯之元子。以至卿大夫元士之適子。國之俊秀。皆造焉。春秋敎以禮樂。冬夏敎以詩書。中年謂之考校。三年謂之大比。化民易俗。近者悅。遠者懷。此學校之所以爲養士根本者也。士固有美材。而養而成之存乎上。上有以養之。下又能自養而重其身。夫士重則道重。道重則國以之重。古昔聖王之治天下。必以興_雍敎多士爲先務者此也。洪惟國朝定都之初。鑿開泮水。復古美制。燕飮大射。又倣中朝之禮。觀於太學之成典。學校之事目。扶道敎士。於斯爲盛。逮我聖上。右文爲治。崇儒重道。卽位之後。再謁先聖。尊禮山林之士。玉帛交馳。菁莪造士之美。庶幾親見於吾身。而夫何近年以來。士風不古。習俗日_。修六禮齊八政。尙矣無論。以言乎居業。則絃誦不聞而荒嬉是事。以言乎應擧。則得失爲重而奔競轉甚。端坐讀書者。視以爲拙計。_躬砥行者。斥之爲迂儒。四百年培養之風。蕩然無復振之望。以至向日科_之變怪。又出於淸流四_宮牆密邇之地。可勝歎哉。今之爲矯救之論者。其說不一。或曰極擇師儒之任。以問學行義爲學子所尊敬者爲之。明四學之制。復三講之_。又能以誠心相與講_不惰。則所以敎且養者。雖不如三代之盛。亦必有實效之可言。或曰用生進定員額居齋。非古也。上賢而簡不肖。復升選升俊之法。用移郊移遂之罰。學_亦可丕變。或曰選擧之法。久而生弊。周官三物之敎。雖未可遽議。漢之茂才孝廉。唐宋之制科。折衷而參用之。罷詩賦而取經義。先士行而後文藝。復古之制。雖有未足。用今之法。亦自有餘。未知是說果皆何如。而此外亦有可以振文敎而變士習。使古_雍遺制。煥然有改觀者耶。諸生必有素講于中者。毋徒致美于文詞。亦勿以得失爲心。其於說_也。尤悉陳以實。,策,Q9f278f134630,"{'has_korean': True, 'has_english': True}"
classification,cls_0418,"予以寡昧, 嗣守祖宗丕基, 常思保邦備邊之策, 而未得其要。 顧惟我國, 南北受敵, 在高句麗, 能抗隋、唐, 而天下稱爲强國, 其所以禦之者, 何策何人歟? 及前朝, 有契丹、蒙古、哈丹之患, 而卒有紅寇之禍, 其所以制勝者, 抑何策何人歟? 今建州、毛憐, 雖_爾小寇, __結怨, 侵擾邊境, 積有年紀, 其撫馭之方, 處之實難。 以近日之事言之, 天朝有徵師助戰之詔, 違之則非敵王所愾之義, 助戰之師一擧, 而結怨尤深, 窺_彊場, _然未已。 況唐人之被野人槍虜者, 逃_來投, 一一解送, 其怨亦深, 是固可乎? 不可乎? 脫有邊境之禍, 如契丹、蒙古、哈丹者, 則用將當何如? 用兵當何如? 芻粟亦何如耶? 島夷之患, 始於新羅, 而極於麗季, 抑有制勝, 得其策者乎? 自祖宗開國以來, 投誠納款, 受廛爲氓, 散處沿海, 其撫之之方, 何如而得其宜乎? 昔晋室處戎於內, 而卒致五胡之亂, 其預備之策, 抑有術乎? 且備北之與備南, 孰重而孰輕, 孰緩而孰急歟? 凡用兵之道, 當將得其人, 將有五德, 古之五德兼備者, 誰歟? 能用五德者, 誰歟? 必須五德乃備, 然後可將乎? 雖不備, 亦可將乎? 今之育將、將何以使五德兼備乎? 古之帝王, 將將爲難, 若之何而能將將耶? 子大夫, 其各悉心以對。",策,Q1e617b12284e,"{'has_korean': True, 'has_english': True}"
classification,cls_0419,治效,策,Q7aad934fa949,"{'has_korean': True, 'has_english': True}"
classification,cls_0420,律度量衡 : 問。同律度量衡。所以節淸濁度長短量多寡權輕重。以之平萬物而大一統者也。律呂之作。雖自軒后。而度量衡之制。昉於何代。制量衡者。必本黃鍾。其理之相關何歟。造律呂者。必準_黍。其數之有定何歟。六律五聲。以在治忽。關石和勻。貽厥典則。聲音之道。固與政通。而權量之爲用。亦若是其重歟。_氏嘉量。爰_升_。則四國之銘。出於何書。周公相宅。始用圭_。則八繩之法。果其遺制歟。夏后之聲律身度。考驗者何事。孔聖之珠衡玉斗。取譬者何德。按月行令。十二律之分配。果是何義。測天推步。三百度之定數。亦用何術。謹權量審法度。魯論贊武王之德。聞管_聽鍾鼓。鄒書戒齊君之好。音律之有輔政術。不及量度而然歟。平斗斛一衡尺。專務核實。而秦政日紊。定章程撰禮儀。不遑作樂。而漢治小康。其得其失。可詳言歟。銅斗鐵尺。_之而防僞者何人。玉管_灰。吹之而應律者何理。周_經之測量天地。方圓不同。則何以度之。律曆志之乘除陰陽。始終有數。則何以知之。昌黎之力抵異端。慮先及於剖折。范馬之號爲同德。議不免於抵_。亦可謂吾道之有資。而君子之其爭歟。襲六國縱橫之說而所著則權書衡論。釋三分圍徑之法而其議則黜胡從鄭。其故可聞歟。土室埋管。皇朝之御筆。而何獨驗於洛陽。象牙裁尺。胡元之定度。而果無違於宋禮歟。文才之一斗八斗。其誰能量。字母之半淸半濁。當屬何律。揀賢能者必稱玉尺量材。講義理者或比金秤稱物。無形象不可摸捉者。亦有稱量之道歟。近取諸身則曰律己曰尺步曰量力曰衡平。引喩於物則有法律有制度有器量有銓衡。其取譬之義。皆可詳言歟。大抵禮樂刑政。孰非出治之具。而所以爲萬事之根本。一王之典章。未有若律度量衡者也。或激或流。五聲之不諧。而律以和之。有短有長。_品之易差。而度以節之。詐僞滋而爲之量。以齊其函容。爭競起而爲之衡。以平其低仰。是四者之用。所以齊萬物之不齊。而又其四者之制。一有參差。則卒無以會一統而立民信也。此聖帝明王之必以是爲當務之先。思有以同而也。降及後世。智竅漸鑿。有制器象形。以學鳥獸之異音者。有立表測景。以定七曜之高下者。有斜籌影數。以忖倉庾之實積者。有垂錘倚衡。以辨外氣之燥濕者。此或後出者愈巧歟。抑歸名物度數之末。而不足爲王政之所重歟。惟我東方。檀箕以降。文物未闢。玉笛息波。語涉_怪。金尺築丘。理亦茫昧。則羅氏制度。固無足稱。黑倉儲蓄。米糠多欠。銀甁代貨。斤兩各殊。則麗朝量衡。尙云未備。_歟我朝。聖神相承。制作大備。磬黍呈祥。律呂已正。銅尺頒制。毫忽不爽。秋分校印。水部之斗斛稱平。鍾管容水。王府之權衡得中。以之被管絃薦郊廟。則神人和而諸福臻。以之治宮室列關市。則規模正而百度貞矣。奈之何因循成習。修擧無聞。以言乎律則牙齒喉舌之不分淸濁。而未聞諧合之妙。以言乎度則尋引丈尺之互有長短。而漸失均齊之法。斛量不平則__紊而吏緣爲奸。稱衡不等則_銖舛而民受其害。苟求其本。專由鍾律之不得其正。而三者之制。轉輾訛謬。周尺禮尺。尋_之所準。而布帛之家。_有長尺。家量公量。_合之有節。而菽粟之廛。別有大升。至於金銀藥物綿絮之屬。槪莫不二三其秤。則其何以齊遠近而平物情乎。方今聖明臨御。治化洋溢。會極歸極。衆務畢擧。將以均四方而_萬品。則制度之一新。治軌之丕變。此正其時。同律度量衡。豈可使專美於勛華之世乎。諸生心有講究於他日者。其各悉陳。,策,Q1edab9ab76b7,"{'has_korean': True, 'has_english': True}"
classification,cls_0421,"詩曰 : 有物有則, 物之有則, 可以指陳其必然之義歟? 物之不齊, 物之情, 則不齊者, 乃其則歟?",策,Q2048905f2ef3,"{'has_korean': True, 'has_english': True}"
classification,cls_0422,알 수 없음,策,Q86a5dae1c1e0,"{'has_korean': True, 'has_english': True}"
classification,cls_0423,權經便宜,策,Qc713188a9496,"{'has_korean': True, 'has_english': True}"
classification,cls_0424,化民之政御戎之策,策,Qf9c8c3d651f1,"{'has_korean': True, 'has_english': True}"
classification,cls_0425,問祈禳,策,Q37e6c7fbbe51,"{'has_korean': True, 'has_english': True}"
classification,cls_0426,歷代待夷之道,策,Q52a93d71baf1,"{'has_korean': True, 'has_english': True}"
classification,cls_0427,治體,策,Qe7fe9638aee9,"{'has_korean': True, 'has_english': True}"
classification,cls_0428,巡省,策,Q092fe1c00a67,"{'has_korean': True, 'has_english': True}"
classification,cls_0429,體統,策,Qa482803b3d4a,"{'has_korean': True, 'has_english': True}"
classification,cls_0430,"凡爲國之道, 自有大經。 然因時之務, 各有其宜。 我國, 北連野人, 南濱島夷, 間有竊發之患, 而邊將莫能_絶。 近者南郡沿海之地, 或云倭賊, 或云水賊, 出沒於島嶼之間, 頻頻作耗, 邊將不能制之。 或云, 當遣重臣, 臨機制置, 彼必聞風自_; 或云, 特患賞罰不明耳, 有將帥焉, 有士卒焉, 當申明紀律, 信賞必罰, 以督勵之, 則不必更遣重臣, 而邊_自固; 或云, 不必先自搖動, 當通對馬島主, 使之_下而已, 何者爲是? 滿浦, 西界之要衝, 虜入其境, 邊將臨時, 斬獲殆盡。 或云, 疇功以賞之, 務使激勵; 或云, 賊必懷憤報復, 當選助戰軍士, 增戍以備之; 或云, 本鎭兵力, 足以制禦, 不必更調京軍, 以致騷擾, 何者得策? 子大夫, 明於時務, 必有制敵安民之策, 其各詳著于篇。 予將親覽焉。",策,Qe9a6e64f809f,"{'has_korean': True, 'has_english': True}"
classification,cls_0431,"問 : 有動則有靜, 而後始動也, 故治道不能無動靜. 二者有先後本末之序, 而固不可違時而易行歟? 天體至靜而循環不已, 日行常疾而形色不變者, 何歟? 堯舜之治, 不過曰安安也, 安汝止也. 文武之政, 亦惟曰緝熙也, 無競也. 未知當時之所尙者, 動歟靜歟? 一怒而安天下則動也, 垂衣而治天下則靜也. 其動其靜, 果有二致歟? 元封之動, 不及於孝文之玄_, 熙寧之動, 不及於仁宗之穆淵, 則靜固賢於動矣. 周室委靡之弊, 由於文敎, 宋朝削弱之歎, 歸之風氣, 則動有勝於靜, 時而然輿? 泰山不見其動, 而功利及人, 虛雲不見其跡, 而德化永世, 亦有動靜之可言歟? 靜多吉而動多凶者, 易也, 用靜吉而用作凶者, 範也. 其動其靜, 一吉一凶, 若是判然者, 何歟? _潤振作, 近於動而萬物成焉, 休養生息, 主於靜而百姓懷焉. 然則動靜不可以偏廢歟? 干戚之舞, 未解平城之圍, 彈琴之聲, _保徐城之危, 則以動而制動歟? 大抵太極有陰陽, 故盈天地之間, 百千萬物事, 無不有動有靜者, 道也. 是道也, 出於千而具於人, 大而無外, 小而無內, 動亦靜, 靜亦動也. 顧今慈聖垂簾, 聖人當寧治法政謨, 動合三代仁聲, 令聞普洽八_, 含生喙息之倫, 莫不翹首以俟, 而朝象潰裂, 姑無底定之望, 邪說橫流, 未有廓淸之效, 紀綱有日頹之漸, 惠澤乏對揚之美. 其動其靜, 或失其宜者, 必有草野尙論之說矣. 何以則靜而有常而無咎, 皇極不頗人情, 大順措國勢於盤泰之安歟? 諸子諸生, 必有講磨于中, 願聞其說.",策,Qc6db0673c787,"{'has_korean': True, 'has_english': True}"
classification,cls_0432,遠慮,策,Qe7fe9638aee9,"{'has_korean': True, 'has_english': True}"
classification,cls_0433,名敎,策,Qd6dfcc699520,"{'has_korean': True, 'has_english': True}"
classification,cls_0434,夏群臣賀聲爲律,策,Q1edab9ab76b7,"{'has_korean': True, 'has_english': True}"
classification,cls_0435,問。鄕貢卽選擧之良_。而治道汚隆之攸係也。行有九德。實驗虞朝之取人。敎以三物。可見周室之賓興。觀國利用。著於易象。其所以爲光者何也。語郊斂才。揭於戴禮。其所以事擧者何也。刺史守相。兩漢 得專_召之權。九品中正。魏晉 亦司人物之柄。則果皆名實之相副。而不有古今之差異歟。賢良方正。漢 旣經_揀。而又用制策之試。此曷故焉。孝廉秀茂。兩漢 均稱俊乂。a301_521c而必分尙書之曹。其義奚居。察于州郡。升予學校。策于王廷。是固俊彦之搜羅。一謂好德。二謂賢賢。三謂有功。所以善惡之勸黜歟。八損三難。晉尙書僕射劉毅。 誰所建議。而果有明辨之方。十帖九章。唐楊俊 昉於何試。而亦無的證之端歟。甘奇顯用。非由老成。終賈_聲。又在弱冠。則法置限年。有甚所據。管庫擇士。趙文子 非係地閥。鼎俎擧賢。伊尹 且是側陋。則制及姻籍。東漢 得無可論。六學五經之別。倡自何代。生徒俊士之稱。倣用何制。楊_陳_。認出薦察行業之意。而賈至_議。實爲聲病是非之譏歟。州正郡崇之設。無復膏梁寒素之a301_521d隔。中書朝堂之對。有何飮墨奪席之別歟。餞以俎豆。唐 令與計偕。課試者幾條。列於方物。唐劉承慶_ 充以庭旅。_奏者何見。學_州縣。唐 各殊所由之路。高蹈幽隱。列爲科第 唐 之等。則天子自詔。果合求賢之道歟。明法經史。至有童子 唐 之擧。懷牒鄕飮。盡赴考功 唐 之試。則有司 唐 常選。_無名目之詳歟。在學三百日乃聽。宋祁之__有據。試以第一人爲例。易簡之糊名何爲。革文_之浮靡。主試而裁抑者誰也。務實地之明修。擢士而勉勵者誰也。立詞學兼茂之名。何爲定限於人才。有世襲雜進之_。胡乃多端於吏道。勘a301_522a籍小吏。只循資格之有無。操_末技。但媒榮進之階徑。則選擧之法。固已蕩然。而科目之取。不至壞歟。考經觀業。以下明太祖時 策務觀政。實有前代盛制。而禮部之科式新頒。歲貢之科薦倂行。其皆無愧於古制而盡合於時宜歟。設衛棘圍之法。易書封印之制。能盡取擇之本。得無拘泥之端歟。大抵彙茅束帛。自著風驪之象。承筐鼓瑟。特取歌鹿之列。則首賢次能。允合制治之務。通經習法。擧在課進之數。是以在昔盛際。論造士秀士之分。必授其官。書賢者能者之名。以獻于王。曰知仁聖義忠和者。德之至也。曰孝友睦_任恤a301_522b者。行之純也。曰禮樂射御書數者。藝之成也。采其德行。參以道藝。敬之有賓客之禮。擢之有貢擧之法。故士之得是選者。莫不砥礪名檢。進修德業。展其蘊抱則足以__乎皇猷。施以經濟則足以楨_乎王國。非如後世科擧之比。實有明良際會之休者。職由是耳。逮夫東方讀書出身之法。肇於羅代。同知貢擧之職。_自勝國。而洪惟我朝聖神相承。設爲學校。以致崇儒之化。量給學田。以優養賢之禮。通于八路。有鄕薦道薦之_。間以三年。有小科大科之試。防其私而始割封彌。禁其淆而計數收券。監于成憲。燦然有觀。a301_522c則皇皇多士。庶幾姬周之不讓。彬彬文學。遠邁東漢之爲盛。而夫何挽近以來。世道日非。士趨風靡。程式文_。束閣已久。科名進取。躁競成習。取人之道。便作芭籬。_吉之頌。殆同弁_。此豈獨有司不公不明之責歟。惟其試才之_。尙矣無論。_與照訖之法。壞了不行。世家士族之謹拙操躬。凡民俊秀之專業功令者。視_圍如入危地。借述代筆之弊。恬不爲_。受雇應募之類。寔繁_入。甚至列坐通衢。製進私室。三萬人入門。豈盡是赴擧儒生。六千張策券。可知非具_條對。每經一番科試。輒失一番人心。日征月邁。俗習a301_522d漸_。將至於竿頭窮極之_。如是而何以表準八方。厭服多士乎。興言及此。諒非細憂。苟欲痛革浮靡之習。_節古今之制。察言行以觀其德。考經術以觀其業。毋尙虛文。毋拘門地。用陞庠都會之式。遵府擧里選之例。_除_亂之舊謬。復覩彬郁之盛擧。則科目取舍之中。亦豈無依倣鄕貢之道歟。顧今試圍之選。卽古貢擧之義也。猥_主司。雖愧古人之不及。期待賢俊。實有今日之厚望。而諸君子皆是國家之元氣。他時之公卿。必有所平昔含蓄講者。願推博雅之見。其各悉著于篇。,策,Qeca247212429,"{'has_korean': True, 'has_english': True}"
classification,cls_0436,勤儉,策,Q5dfffa1159ac,"{'has_korean': True, 'has_english': True}"
classification,cls_0437,戰守和,策,Qf8e5ab864d2b,"{'has_korean': True, 'has_english': True}"
classification,cls_0438,賑政,策,Q40a3c22d4190,"{'has_korean': True, 'has_english': True}"
classification,cls_0439,恤民任賢,策,Q883db6b4551b,"{'has_korean': True, 'has_english': True}"
classification,cls_0440,_狩,策,Qa882ab4cd170,"{'has_korean': True, 'has_english': True}"
classification,cls_0441,李昌庭策頭有吾王庶幾無疾病語,策,Q431abbd86ac9,"{'has_korean': True, 'has_english': True}"
classification,cls_0442,將相,策,Q900fd29b54f9,"{'has_korean': True, 'has_english': True}"
classification,cls_0443,復_雪_,策,Q980e7eee4f99,"{'has_korean': True, 'has_english': True}"
classification,cls_0444,歷代待夷之道,策,Q52a93d71baf1,"{'has_korean': True, 'has_english': True}"
classification,cls_0445,俗尙,策,Q0394cf87d8f5,"{'has_korean': True, 'has_english': True}"
classification,cls_0446,歷代待夷之道,策,Q52a93d71baf1,"{'has_korean': True, 'has_english': True}"
classification,cls_0447,알 수 없음,策,Q080bc621244e,"{'has_korean': True, 'has_english': True}"
classification,cls_0448,兵食,策,Qc40e9f2f7b01,"{'has_korean': True, 'has_english': True}"
classification,cls_0449,修身安民制敵,策,Q7311c8dc605f,"{'has_korean': True, 'has_english': True}"
classification,cls_0450,夏群臣賀聲爲律,策,Q1edab9ab76b7,"{'has_korean': True, 'has_english': True}"
classification,cls_0451,良役,策,Q4f36e81adac8,"{'has_korean': True, 'has_english': True}"
classification,cls_0452,天者不言之聖人,策,Qb61ab5b593b2,"{'has_korean': True, 'has_english': True}"
classification,cls_0453,"《書》曰, ""以閏月定四時成歲。"" 而不言置閏之月, 歲終節季置之若何? 今置閏無定者何也? 予未知同異及用之便否。 在前作三軍, 其將帥統而合之者多, 以所屬偏裨多故也。 其於推_委任之策, 何者是? 予未知同異及用之便否。 古聖制五音, 後世有七音之說, 從古乎則何則, 從今乎則何則? 予未知同異及用之便否。 諸葛亮作八陣, 李靖製六花陣, 劉裕用步兵, 唐宗選千騎, 古之名將所爲如此, 其於强弩勁馬之勢, 何者是? 予未知同異及用之便否。 羲則(何圖)〔河圖〕 , 禹因洛書, 程欲_文可作八卦, 此外又有可據者乎? 予未知同異及用之便否。 右五條, 皆子等所嘗熟議者也。 不通物理, 未可與論道, 子等各心以對, 予將親覽焉",策,Q69dc439094de,"{'has_korean': True, 'has_english': True}"
classification,cls_0454,알 수 없음,策,Qcd2f4d45a93a,"{'has_korean': True, 'has_english': True}"
classification,cls_0455,酒禍,策,Q7bc02d7e6cc0,"{'has_korean': True, 'has_english': True}"
classification,cls_0456,擬宋程顥請勿遣著作佐郞張載明州推勘,策,Qb680759f04d4,"{'has_korean': True, 'has_english': True}"
classification,cls_0457,忠孝,策,Q27ca998183ec,"{'has_korean': True, 'has_english': True}"
classification,cls_0458,"自古帝王之治道, 不過曰綱與目。 而先儒曰: ""漢大綱擧, 而萬目不張;唐萬目張, 而大綱不擧。"" 漢所擧之綱何歟? 不張之目何歟? 唐所張之目何歟? 不擧之綱何歟? 自此以降, 至于宋、元, 代各有治, 綱擧而目不張者誰歟? 目張而綱不擧者誰歟? 唐、虞三代之治, 亦有綱目之可言歟? 予以否德, 嗣守丕基, 仰惟前代時若, 盡心于治, 今十七年于玆。 其於爲治之綱目, 未得其要, 何以則大綱正而萬目張歟? 子大夫究心經史, 其於治道, 講之熟矣。 毋泛毋略, 悉心以對。 將以觀適用之才",策,Qc412293ef4c7,"{'has_korean': True, 'has_english': True}"
classification,cls_0459,廣謀獨斷,策,Qfd4234e206d9,"{'has_korean': True, 'has_english': True}"
classification,cls_0460,災異,策,Q0b54ec9a8810,"{'has_korean': True, 'has_english': True}"
classification,cls_0461,始終,策,Qd599690fbafe,"{'has_korean': True, 'has_english': True}"
classification,cls_0462,歷代待夷之道,策,Q52a93d71baf1,"{'has_korean': True, 'has_english': True}"
classification,cls_0463,"言者, 身之文也, 心之所蘊, 意之所向, 必於言宣之. 言之不可已者, 有如矢矣.",策,Qa28bb1b61f48,"{'has_korean': True, 'has_english': True}"
classification,cls_0464,"邵子曰 : 至哉, 文王之作易也. 此所謂後天之學也. 先天旣劃之後, 易有三易, 而孔子因文王之易而作傳, 則其連山_藏, 無所傳而然歟, 抑後天之易, 獨得其竗而然歟? 後天之理, 因文王始顯, 則文王以前之易, 過未及發於後天之理歟? 先天有圓圖方圖, 而後天只有八卦之圖, 若演以爲方圓之圖, 則亦與先天有所相符歟? 後天以復臨_遯配十二月, 而與圓圖卦氣之運, 不同乾坤六子之象, 與伏羲八卦次序不同, 又何義歟?",策,Q13502c404f2f,"{'has_korean': True, 'has_english': True}"
classification,cls_0465,備_,策,Q15eb52c5da08,"{'has_korean': True, 'has_english': True}"
classification,cls_0466,"戶口軍籍, 國之重事, 國家自來不明, 如之何而明乎? 其悉陳之, 予將親覽焉。",策,Q254f4fbde4a8,"{'has_korean': True, 'has_english': True}"
classification,cls_0467,制度_廟郡縣官職,策,Q8c58b51ab13f,"{'has_korean': True, 'has_english': True}"
classification,cls_0468,"爲國在用才, 用非才, 則倒柄, 才非賢則隱削, 無才則 不得不倒, 無賢則不得不削。 所以選擇預養, 而不得無托籍抱屈之弊, 盜名驅市之劣, 何術救之? 吏幸遠京而恣其私, 民恃義倉而費其食, 國不慮(還)〔遠〕 而安姑息, 盜乘三耗而竊其强, 何術可救? 治戎在法, 法何得行? 仁暴之分際, _親之始終, 誅人無極法耶? 賢聖或罹, 撫頂不罰仁歟? 姦凶無懼, 聚兵散兵, 用兵罷兵, 何者難? 何者易? 得人死力, 何術? 得人死心, 何術? 天生豪傑, 必有以也, 天無私則每生如一矣。 業有大小, 何歟? 應世之臣有多少, 有有無。 何故生豪傑子大夫, 有撫世之志, 其各悉心以對。",策,Q72bb187a314e,"{'has_korean': True, 'has_english': True}"
classification,cls_0469,盜賊六畜軍器,策,Qc1b28c7a23c2,"{'has_korean': True, 'has_english': True}"
classification,cls_0470,"道有升降, 政由俗革, 自古願治之主, 非不欲化隆俗美也, 而常患人心漸薄, 風俗日_, 其故何耶? 盜賊之源, 皆曰起於貧窮, 今之爲盜者, 率皆豪悍之徒, 其間才人、白丁, 十常八九, 雖使與平民雜處, 尙不從化。 數百年來, 自成一俗, 根株旣未可盡去, 不去則寇盜不絶, 將何術以處之? 且刑以詰姦去暴, 而必欲窮治, 則官吏有濫刑之弊, 不嚴考訊, 則姦暴無伏辜之理, 欲使刑不濫而情必輸, 亦何術以致之? 聽民告訴, 欲其伸_, 抑達下情也, 而告_成風, 雖不干自己之_, 部民訴守令, 胥徒告官吏。 欲禁之, 則言路塞, 而_抑莫伸; 盡聽之, 則上下相陵, 而風俗日壞, 將何處而可乎? 此三者, 皆當世急務, 稽之於古, 亦皆有之, 子大夫講之熟矣, 援古證今, 悉陳無隱。",策,Q1c833c6dc0be,"{'has_korean': True, 'has_english': True}"
classification,cls_0471,春秋綱目 : 問。古人云春秋經而史。綱目史而經。綱目之史而經者。豈非以其同符春秋也歟。賞善誅惡。合麟經與奪之權。微顯闡幽。契聖人筆削之旨者。皆可歷指而詳論歟。起端於威烈。果同於平王之托始。斷編於顯德。亦契於西狩之絶筆歟。春秋書春王正月。而綱目只書春正月。春秋大夫曰卒。而綱目不曰卒。春秋有不書卽位之例。而綱目皆書卽位。春秋有不書葬之例。而綱目皆書葬。書法之若是不同何歟。天王狩于河陽。公在乾侯。卽春秋特筆之最著。而綱目取法。見于何處。晉徵士陶潛。莽大夫楊_。卽綱目袞鉞之最大。而春秋已例。亦有可徵歟。荀彧之死。無異於投閣。而書法不同。范粲之節。不愧於採菊。而特書不及者何歟。此外比例之或同或異者。皆可詳論其旨義歟。(關公忠烈。從古罕_。而樊城之敗。書以邀斬者何歟。佛法東來。亂華攸始。而永平之紀。沒而不書者何歟。染跡僞朝同也。而狄梁公之卒。獨係於唐臣。捐軀危時一也。而堯君素之死。獨不書死之何歟。)繼蜀漢於漢統。盖正帝魏之失。而不許東周之繼周何歟。絶南唐於唐統。盖斥冒姓之僞。而獨予牛晉之繼晉何歟。凡此數者。擧皆準諸春秋而無所不合歟。書法發明等書。誰所論著。而可以匹美於公_諸傳耶。前編續編之撰。果出何人。而皆能有得於晦翁遺意歟。大抵春秋者。魯史之舊文。而一經夫子之刪述。遂爲萬世之通經。朱子卽孔子後一人也。因涑水之長編。遵素王之遺法。立綱以倣經。分目以倣傳。凡例謹嚴。(大義炳煥。)_是春秋之後編。而百代之龜鑑也。이하 내용 방목과 다름(추후 논의),策,Q08a563162184,"{'has_korean': True, 'has_english': True}"
classification,cls_0472,遷除,策,Qe52ac7346c3a,"{'has_korean': True, 'has_english': True}"
classification,cls_0473,_園遺稿,策,Q767ea8ea4fb7,"{'has_korean': True, 'has_english': True}"
classification,cls_0474,"君子之學, 莫先於窮理。 能窮其理, 則於天下事何有? 至如日初出望之大, 而至於天中則小。 若是則日之出也, 宜乎熱而反寒, 漸遠也, 不宜熱而反熱何歟? 日之行有常度, 其遠近寒熱之異, 亦可言歟? 日陽精, 月陰精, 日則無象可見, 月中有影何歟? 凡物必有所倚, 天地, 物之至大者, 何所倚而終古不毁歟? 子大夫其各紬繹以對。 將以觀窮理之學。",策,Qb55e7fa6e650,"{'has_korean': True, 'has_english': True}"
classification,cls_0475,알 수 없음,策,Q76275f834188,"{'has_korean': True, 'has_english': True}"
classification,cls_0476,漢文帝與匈奴和親,論,Q0818978a19ae,"{'has_korean': True, 'has_english': True}"
classification,cls_0477,闢四門,論,Q314ca5817e15,"{'has_korean': True, 'has_english': True}"
classification,cls_0478,衛群臣賀抑詩賓筵入於大小雅,表,Q39211997bd20,"{'has_korean': True, 'has_english': True}"
classification,cls_0479,擬虞伯益請岡_百姓以從己之欲,表,Q0fe8bf3f3666,"{'has_korean': True, 'has_english': True}"
classification,cls_0480,"皇明諸大臣, 賀下詔求賢, 復出御製, 擬_蘭操.",表,Q66db74a83f4e,"{'has_korean': True, 'has_english': True}"
classification,cls_0481,"周群臣賀_民扶老携幼以從之, 旁國皆歸",表,Q7920b05bfffa,"{'has_korean': True, 'has_english': True}"
classification,cls_0482,商群臣賀作長發詩 歷言先后 受命之祥以爲大_之樂,表,Qbd4403233fc6,"{'has_korean': True, 'has_english': True}"
classification,cls_0483,商群臣賀作長發詩 歷言先后 受命之祥以爲大_之樂,表,Q39496f3f6478,"{'has_korean': True, 'has_english': True}"
classification,cls_0484,"_群臣賀, 顔色之戚, 哭泣之哀, 吊者大悅.",表,Qb555b8064259,"{'has_korean': True, 'has_english': True}"
classification,cls_0485,擬漢_唐謝不治忘言觸諱之罪更召論將,表,Q990ad7b327ac,"{'has_korean': True, 'has_english': True}"
classification,cls_0486,宋群臣賀平章事李沆日進四方水旱盜賊之奏,表,Q452056a14748,"{'has_korean': True, 'has_english': True}"
classification,cls_0487,"擬虞朝_臣賀闢四門, 有一家氣像",表,Q6d297475a583,"{'has_korean': True, 'has_english': True}"
classification,cls_0488,周諸侯等謝鐘鼓旣設一朝饗之,表,Q2d09efb749d6,"{'has_korean': True, 'has_english': True}"
classification,cls_0489,宋處士雷次宗謝親幸學館 令以巾_侍講資給甚厚,表,Q7c557ab14131,"{'has_korean': True, 'has_english': True}"
classification,cls_0490,"擬周_臣賀用敷其福, 以與庶民",表,Qc2f47c26f6fc,"{'has_korean': True, 'has_english': True}"
classification,cls_0491,周群臣賀三后在天王配于京,表,Q89ee6044ddb6,"{'has_korean': True, 'has_english': True}"
classification,cls_0492,明張鉉等謝賜冠帶命於國子監進學仍加勉諭,表,Q25d624e4e915,"{'has_korean': True, 'has_english': True}"
classification,cls_0493,擬漢諫大夫杜延年請修孝文時政示以儉約寬和順天心悅民憙,表,Q918568731d0b,"{'has_korean': True, 'has_english': True}"
classification,cls_0494,"虞_子謝命夔 : 典樂敎以直而溫, 寬而栗, 剛而無虐, 簡而無傲.",表,Qb891344cc9ac,"{'has_korean': True, 'has_english': True}"
classification,cls_0495,"漢丞相申屠嘉, 謝使使致謝諭釋鄧通",表,Q4830d2f045ca,"{'has_korean': True, 'has_english': True}"
classification,cls_0496,擬周召公請不作無益害有益,表,Q84cde769b55f,"{'has_korean': True, 'has_english': True}"
classification,cls_0497,"擬周朝群臣賀太公爲之師, 周公爲之傅, 召公爲之保, 伯禽唐叔與之游",表,Qdda22ab7505b,"{'has_korean': True, 'has_english': True}"
classification,cls_0498,擬唐 李泌 ‘《請辭職還山表》,表,Q91d85b1073fb,"{'has_korean': True, 'has_english': True}"
classification,cls_0499,唐堯群臣賀重華協于帝,表,Q3f78aab0c7c6,"{'has_korean': True, 'has_english': True}"
classification,cls_0500,漢鄭象謝拜軍司馬,表,Q0bcba5b4dba0,"{'has_korean': True, 'has_english': True}"
classification,cls_0501,周與燕者謝朝曰君臣燕曰賓客,表,Q7f62481be6dd,"{'has_korean': True, 'has_english': True}"
classification,cls_0502,魯南宮說請資孔子車馬同往周觀先王之遺制,表,Qc1963894caa7,"{'has_korean': True, 'has_english': True}"
classification,cls_0503,周周公謝諭以公其以予萬億年敬天之休拜手稽首誨言,表,Q4c20e3f400ab,"{'has_korean': True, 'has_english': True}"
classification,cls_0504,宋宣撫使張浚請必以合天心爲學之本,表,Qb03b7efd4a6f,"{'has_korean': True, 'has_english': True}"
classification,cls_0505,擬唐_臣賀張九齡獻千秋金鑑錄,表,Q338febc8852e,"{'has_korean': True, 'has_english': True}"
classification,cls_0506,"擬周郡臣賀太_嗣徽音, 則百斯男",表,Q4fe85b9d450e,"{'has_korean': True, 'has_english': True}"
classification,cls_0507,漢請以朱雲試受御史大夫,表,Q29e43d94cb81,"{'has_korean': True, 'has_english': True}"
classification,cls_0508,齊孟子謝就見諭以前日而不可得不識可以繼此而得見,表,Qc1963894caa7,"{'has_korean': True, 'has_english': True}"
classification,cls_0509,"商群臣賀東征西夷怨, 南征北狄怨, 曰奚獨後予",表,Q46e9f11de1df,"{'has_korean': True, 'has_english': True}"
classification,cls_0510,"漢周勃, 謝褒以安劉必勃.",表,Qfc235a371fce,"{'has_korean': True, 'has_english': True}"
classification,cls_0511,周群臣賀旣醉詩如華封人祝堯以願聖人壽願聖人多男子,表,Qe58636ebe09c,"{'has_korean': True, 'has_english': True}"
classification,cls_0512,"唐中書舍人王仲舒, 謝拜江南西道觀察使.",表,Q7699f583b221,"{'has_korean': True, 'has_english': True}"
classification,cls_0513,擬周召公請不作無益害有益,表,Q5b4cd3ebeab2,"{'has_korean': True, 'has_english': True}"
classification,cls_0514,"周周公謝諭以建爾元子, _侯于魯, 大啓爾宇, 爲周室輔",表,Qa65df73454c0,"{'has_korean': True, 'has_english': True}"
classification,cls_0515,"漢群臣賀至渭橋, 太尉周勃上天子璽符",表,Q922fe1147246,"{'has_korean': True, 'has_english': True}"
classification,cls_0516,擬唐東川節度使高崇文謝賜詔書征專制諸軍,表,Qd44b8f7fde1e,"{'has_korean': True, 'has_english': True}"
classification,cls_0517,漢渤海議曺王生謝水衡丞以褒顯_遂,表,Q70d4c569861b,"{'has_korean': True, 'has_english': True}"
classification,cls_0518,東漢群臣賀東巡 過魯幸孔子宅 祀孔子及七十二弟子 親御講堂 命皇太子諸王說經書,表,Q39ffdae8262d,"{'has_korean': True, 'has_english': True}"
classification,cls_0519,周朝群臣賀詩人作_樸詩美壽考作人,表,Qcf66dbec85ea,"{'has_korean': True, 'has_english': True}"
classification,cls_0520,周群臣賀以高岡之鳳凰朝陽之梧桐比賢者之來集王朝王朝之禮遇賢者,表,Q24e4cf298e3d,"{'has_korean': True, 'has_english': True}"
classification,cls_0521,擬唐韓滉謝面諭子_歸覲且命速致關中粮,表,Qffa100b2caa7,"{'has_korean': True, 'has_english': True}"
classification,cls_0522,漢劉敬謝赦廣武之繫謝以不用公言以困平城封建信侯,表,Q8d5645735fec,"{'has_korean': True, 'has_english': True}"
classification,cls_0523,皇明韓取善請運粮救朝鮮,表,Qe6b06a3b01db,"{'has_korean': True, 'has_english': True}"
classification,cls_0524,晋楚隕公鐘儀謝從范變之言重爲之禮使歸求成,表,Qdd27ac623aae,"{'has_korean': True, 'has_english': True}"
classification,cls_0525,虞伯禹謝諭以汝亦昌言,表,Q5ae2d2cd93db,"{'has_korean': True, 'has_english': True}"
classification,cls_0526,擬唐考功郞中陸贄請於大赦詔書之辭無所忌避,表,Q5e76e1170886,"{'has_korean': True, 'has_english': True}"
classification,cls_0527,"漢群臣賀至渭橋, 太尉周勃上天子璽符",表,Q51c82b0f4c01,"{'has_korean': True, 'has_english': True}"
classification,cls_0528,"擬周朝郡臣賀考卜維王, 宅是鎬京",表,Q5395493a7dda,"{'has_korean': True, 'has_english': True}"
classification,cls_0529,請置五經博士,表,Q941ff60a9cdd,"{'has_korean': True, 'has_english': True}"
classification,cls_0530,宋蘇軾請解__馬以須東方之明徐行於九軌之道,表,Q16cfdd7a900a,"{'has_korean': True, 'has_english': True}"
classification,cls_0531,皇朝丘濬進大學衍義補,表,Qf2fc232faf94,"{'has_korean': True, 'has_english': True}"
classification,cls_0532,賀平安南,表,Qac238e3b2a5d,"{'has_korean': True, 'has_english': True}"
classification,cls_0533,擬宋趙_進諫林,表,Q95d4b5ad81fc,"{'has_korean': True, 'has_english': True}"
classification,cls_0534,擬漢群臣賀董仲舒有儒者氣象,表,Qc619b8617829,"{'has_korean': True, 'has_english': True}"
classification,cls_0535,"_群臣賀, 顔色之戚, 哭泣之哀, 吊者大悅.",表,Qb555b8064259,"{'has_korean': True, 'has_english': True}"
classification,cls_0536,唐李晟謝移軍東渭橋,表,Q8e3abe70e075,"{'has_korean': True, 'has_english': True}"
classification,cls_0537,宋賀以孫奭所上無逸圖施于講讀閣又詔蔡襄穹無逸篇于閣屛,表,Q202d6d97d936,"{'has_korean': True, 'has_english': True}"
classification,cls_0538,楚伍擧請勿土木之崇高_鏤爲美法先君除亂克敵無惡於諸侯,表,Q8c9acfa7bb76,"{'has_korean': True, 'has_english': True}"
classification,cls_0539,漢群臣賀禁章奏浮辭,表,Q68cc72f919fb,"{'has_korean': True, 'has_english': True}"
classification,cls_0540,衛群臣賀抑詩賓筵入於大小雅,表,Q39211997bd20,"{'has_korean': True, 'has_english': True}"
classification,cls_0541,"周群臣賀文王之世風化所及民俗之詩, 被之管絃以爲房中之樂",表,Q2d09efb749d6,"{'has_korean': True, 'has_english': True}"
classification,cls_0542,唐堯群臣賀帝德廣運,表,Q04b8ca468107,"{'has_korean': True, 'has_english': True}"
classification,cls_0543,周周公請先知稼穡之艱難,表,Q306e94345e5c,"{'has_korean': True, 'has_english': True}"
classification,cls_0544,宋彭思永請勿內降官資,表,Qc329f34c7c7b,"{'has_korean': True, 'has_english': True}"
classification,cls_0545,虞伯禹謝諭以汝亦昌言,表,Qc7e71031284b,"{'has_korean': True, 'has_english': True}"
classification,cls_0546,魯詩人進在泮獻功頌,表,Qe1cda62b8dcd,"{'has_korean': True, 'has_english': True}"
classification,cls_0547,齊晏_請勿以彗星爲愼,表,Q0a23ecb9b483,"{'has_korean': True, 'has_english': True}"
classification,cls_0548,擬唐郭子儀謝封汾陽王,表,Qa993834c779f,"{'has_korean': True, 'has_english': True}"
classification,cls_0549,"夏朝群臣賀會諸侯於塗山, 執玉帛者萬國",表,Qffcc1898e9fd,"{'has_korean': True, 'has_english': True}"
classification,cls_0550,"商傅說謝諭以若金, 用汝作礪, 若濟巨川, 用汝作舟楫, 若歲大旱, 用汝作霖雨",表,Q9f7868892c12,"{'has_korean': True, 'has_english': True}"
classification,cls_0551,"擬周群臣賀宜民宜人, 受祿于天",表,Q4e956723da30,"{'has_korean': True, 'has_english': True}"
classification,cls_0552,"_群臣賀, 顔色之戚, 哭泣之哀, 吊者大悅.",表,Qb555b8064259,"{'has_korean': True, 'has_english': True}"
classification,cls_0553,周召公進公劉篇,表,Q100845890af3,"{'has_korean': True, 'has_english': True}"
classification,cls_0554,衛群臣賀抑詩賓筵入於大小雅,表,Qb979a372b9e8,"{'has_korean': True, 'has_english': True}"
classification,cls_0555,高麗請勿通女眞,表,Qbf3c007e858b,"{'has_korean': True, 'has_english': True}"
classification,cls_0556,漢校尉習隆請立諸葛廟於沔陽,表,Qbd203a887ebb,"{'has_korean': True, 'has_english': True}"
classification,cls_0557,擬唐淮西民人等謝給復二年,表,Qc42062fbf7f2,"{'has_korean': True, 'has_english': True}"
classification,cls_0558,擬宋司馬光請設十科擧士,表,Q3a20aa1c9f29,"{'has_korean': True, 'has_english': True}"
classification,cls_0559,"擬魯群神賀_爾熾而昌, _爾壽而臧, 保彼東方",表,Q735d09f38c9d,"{'has_korean': True, 'has_english': True}"
classification,cls_0560,"擬周群臣賀宜民宜人, 受祿于天",表,Q6153a8cfca3b,"{'has_korean': True, 'has_english': True}"
classification,cls_0561,擬宋張九成請勿憂畏自沮以剛大爲心,表,Q10de996cf57c,"{'has_korean': True, 'has_english': True}"
classification,cls_0562,周周公進洛師圖,表,Qbaae152a53f1,"{'has_korean': True, 'has_english': True}"
classification,cls_0563,唐杜甫墨制許白省家,表,Q004579ed187d,"{'has_korean': True, 'has_english': True}"
classification,cls_0564,擬周太保奭請勿受旅獒,表,Q180bd21b87a1,"{'has_korean': True, 'has_english': True}"
classification,cls_0565,唐將士謝命習射於殿前仍賜親諭,表,Qe24c481bb405,"{'has_korean': True, 'has_english': True}"
classification,cls_0566,周朝群臣賀東征之日士女_厥玄黃明我王有天地之德,表,Q05eb342f0170,"{'has_korean': True, 'has_english': True}"
classification,cls_0567,"宋直寶文閣朱熹請念歲月逾邁, 日新盛德, 使臣忘其夙昔之憂也",表,Qa847fcf42050,"{'has_korean': True, 'has_english': True}"
classification,cls_0568,宋趙普請勿先下太原,表,Q5d1227a9ad63,"{'has_korean': True, 'has_english': True}"
classification,cls_0569,擬商伊尹進咸有一德之訓,表,Q86a5751fed60,"{'has_korean': True, 'has_english': True}"
classification,cls_0570,虞伯禹謝諭以汝亦昌言,表,Q5ae2d2cd93db,"{'has_korean': True, 'has_english': True}"
classification,cls_0571,擬漢衛將軍長安世謝閔其年老復徵延壽爲左曺太僕,表,Qf135bcc5f6a6,"{'has_korean': True, 'has_english': True}"
classification,cls_0572,周_臣賀武成篇末有堯舜氣象,表,Q4c20e3f400ab,"{'has_korean': True, 'has_english': True}"
classification,cls_0573,本朝觀象監謝賜內藏天元寶曆仍令模寫_驗天象,箋,Q13817fc82519,"{'has_korean': True, 'has_english': True}"
classification,cls_0574,擬_土民人等謝九月授衣,箋,Q65562769f302,"{'has_korean': True, 'has_english': True}"
classification,cls_0575,"擬周卜人進非龍非_, 非熊非_之卜",箋,Q35dd4613381e,"{'has_korean': True, 'has_english': True}"
classification,cls_0576,"擬本朝宗親文武百官等賀於上寶鑑稱慶之日, 擧世室_享之禮, 降元子定號之命",箋,Q9394affff692,"{'has_korean': True, 'has_english': True}"
classification,cls_0577,楚宋玉謝喩以善哉論事使之更陳庶人之風,箋,Qe287e61a370c,"{'has_korean': True, 'has_english': True}"
classification,cls_0578,"梁孟子請施仁政於民, 制挺以撻秦楚之堅甲利兵矣",箋,Q0c1d1548db18,"{'has_korean': True, 'has_english': True}"
classification,cls_0579,"梁孟子請施仁政於民, 制挺以撻秦楚之堅甲利兵矣",箋,Qec706b1c9336,"{'has_korean': True, 'has_english': True}"
classification,cls_0580,"梁孟子請施仁政於民, 制挺以撻秦楚之堅甲利兵矣",箋,Q0c1d1548db18,"{'has_korean': True, 'has_english': True}"
classification,cls_0581,"秦趙藺相如謝不■張目叱左右之■, 爲一擊_",箋,Q0c1d1548db18,"{'has_korean': True, 'has_english': True}"
classification,cls_0582,宋_臣賀得_頌十二篇於周大師以祀先王,箋,Q78408b99566e,"{'has_korean': True, 'has_english': True}"
classification,cls_0583,擬本朝儒生謝令承宣讀宣備忘特加戒諭,箋,Qc6b333daffa0,"{'has_korean': True, 'has_english': True}"
classification,cls_0584,禮曹請應擧儒生依中朝式專治一經,箋,Q054bd40f1cef,"{'has_korean': True, 'has_english': True}"
classification,cls_0585,"秦趙藺相如謝不■張目叱左右之■, 爲一擊_",箋,Qec706b1c9336,"{'has_korean': True, 'has_english': True}"
classification,cls_0586,擬本道平安道走四軍兵等請自作前鋒直_奴賊巢穴,箋,Q0711d76a3102,"{'has_korean': True, 'has_english': True}"
classification,cls_0587,戶曹請汰_官省浮費,箋,Qbe67a9c00202,"{'has_korean': True, 'has_english': True}"
classification,cls_0588,擬本朝柳希春進儒先錄,箋,Q7c90ec004e4d,"{'has_korean': True, 'has_english': True}"
classification,cls_0589,本朝大學生賀親耕親_敎民衣食,箋,Qa2cbad90d7f5,"{'has_korean': True, 'has_english': True}"
classification,cls_0590,本朝大學生賀親耕親_敎民衣食,箋,Qb4e6d1fec57c,"{'has_korean': True, 'has_english': True}"
classification,cls_0591,"擬周群臣賀化行俗美, 賢才衆多, _兎野人, 其才可用",箋,Q65562769f302,"{'has_korean': True, 'has_english': True}"
classification,cls_0592,"擬齊田穰_謝與諸大夫郊迎勞師, 尊爲大司馬",箋,Qe02c720635f9,"{'has_korean': True, 'has_english': True}"
classification,cls_0593,擬本朝訓鍊都監進忠烈錄,箋,Q575f5f31d994,"{'has_korean': True, 'has_english': True}"
classification,cls_0594,"擬齊管仲請勿倍曹沫之約, 棄信於諸侯",箋,Q3679f38b025a,"{'has_korean': True, 'has_english': True}"
classification,cls_0595,"梁孟子請施仁政於民, 制挺以撻秦楚之堅甲利兵矣",箋,Qec706b1c9336,"{'has_korean': True, 'has_english': True}"
classification,cls_0596,"秦趙藺相如謝不■張目叱左右之■, 爲一擊_",箋,Q0c1d1548db18,"{'has_korean': True, 'has_english': True}"
classification,cls_0597,"秦趙藺相如謝不■張目叱左右之■, 爲一擊_",箋,Qec706b1c9336,"{'has_korean': True, 'has_english': True}"
classification,cls_0598,擬贊成權近進_風七月圖,箋,Q18038b1c8c33,"{'has_korean': True, 'has_english': True}"
classification,cls_0599,擬本朝閣臣謝賜繫馬樹棗,箋,Q26b777bb808b,"{'has_korean': True, 'has_english': True}"
classification,cls_0600,"秦趙藺相如謝不■張目叱左右之■, 爲一擊_",箋,Qec706b1c9336,"{'has_korean': True, 'has_english': True}"
classification,cls_0601,擬議政府領議政某等請徑遞兩南方伯擇遣知邊事之人兼察防備,箋,Qbcfd1b9b89b6,"{'has_korean': True, 'has_english': True}"
classification,cls_0602,"秦趙藺相如謝不■張目叱左右之■, 爲一擊_",箋,Q0c1d1548db18,"{'has_korean': True, 'has_english': True}"
classification,cls_0603,擬漢英布謝帳御飮食從官皆如王居,箋,Q741e231d14f4,"{'has_korean': True, 'has_english': True}"
classification,cls_0604,本朝宗臣進列聖御製觀,箋,Q438eadb86c33,"{'has_korean': True, 'has_english': True}"
classification,cls_0605,題八駿圖,箋,Qe7ecccb9eef0,"{'has_korean': True, 'has_english': True}"
classification,cls_0606,"擬本朝纂修廳進先朝寶鑑, 仍請克勤克敬, 繼述先王之至德, 休揚先王之洪烈",箋,Qc52f57573b17,"{'has_korean': True, 'has_english': True}"
classification,cls_0607,擬本朝禮曹請撰名臣言行錄,箋,Q7ab17b6f8ee3,"{'has_korean': True, 'has_english': True}"
classification,cls_0608,本朝廟堂之臣請嚴科規正士習,箋,Q6700baa6d5fe,"{'has_korean': True, 'has_english': True}"
classification,cls_0609,"秦趙藺相如謝不■張目叱左右之■, 爲一擊_",箋,Q0c1d1548db18,"{'has_korean': True, 'has_english': True}"
classification,cls_0610,"本朝_臣請修明大典, 復列聖之舊章, 培券太學, 正多士之_向",箋,Qe4af59224268,"{'has_korean': True, 'has_english': True}"
classification,cls_0611,"擬本朝經筵官請無逸幽風, 篇置諸左右朝夕自省.",箋,Q31e01b584805,"{'has_korean': True, 'has_english': True}"
classification,cls_0612,魯大夫臧孫辰請告_于齊,箋,Qa42e973ed25b,"{'has_korean': True, 'has_english': True}"
classification,cls_0613,"梁孟子請監靈臺之詩, 湯誓之辭, 與民同樂",箋,Q8a94b57585b6,"{'has_korean': True, 'has_english': True}"
classification,cls_0614,漢韓信謝諭以丞相數言將軍將軍何以敎寡人計策,箋,Qa9340a2a7d17,"{'has_korean': True, 'has_english': True}"
classification,cls_0615,"擬周郡臣賀武亂皆坐, 周召之治",箋,Q3e8cb4ebe009,"{'has_korean': True, 'has_english': True}"
classification,cls_0616,越范_乞從會稽之罰,箋,Q1bf25203a52e,"{'has_korean': True, 'has_english': True}"
classification,cls_0617,本朝禮曹請依平安道士民之願建立箕子崇仁殿碑以闡仁賢之化,箋,Q4f820f764f22,"{'has_korean': True, 'has_english': True}"
classification,cls_0618,本朝耆老臣進衛武公抑戒詩,箋,Qed393ffeadbe,"{'has_korean': True, 'has_english': True}"
classification,cls_0619,漢丞相蕭何謝許以設壇具禮拜韓信爲大將,箋,Q148d0cd1e36a,"{'has_korean': True, 'has_english': True}"
classification,cls_0620,"秦趙藺相如謝不■張目叱左右之■, 爲一擊_",箋,Qec706b1c9336,"{'has_korean': True, 'has_english': True}"
classification,cls_0621,"擬沛公壯士等賀間道還_上, 留張良謝項羽.",箋,Q1afb0c933c31,"{'has_korean': True, 'has_english': True}"
classification,cls_0622,明經,講,Q63da1a0e8b83,"{'has_korean': True, 'has_english': True}"
classification,cls_0623,"講易學啓蒙_中庸, 又講少微通鑑, 問漢 高項羽孰爲正大。",講,Qb9fc1e56e811,"{'has_korean': True, 'has_english': True}"
classification,cls_0624,"遊於聖人之門, 難爲言",論,Q4994463f4afa,"{'has_korean': True, 'has_english': True}"
classification,cls_0625,漢高不追蕭何,論,Q4f1e94fce716,"{'has_korean': True, 'has_english': True}"
classification,cls_0626,四端不言信,論,Q69267418d671,"{'has_korean': True, 'has_english': True}"
classification,cls_0627,危者安其位,論,Q7fcc88ebfeb2,"{'has_korean': True, 'has_english': True}"
classification,cls_0628,惟仁人能惡人,論,Qc1e06900b3de,"{'has_korean': True, 'has_english': True}"
classification,cls_0629,朱子張子井田說,論,Q201bae0739aa,"{'has_korean': True, 'has_english': True}"
classification,cls_0630,盡信書不如無書,論,Q2343afd689b6,"{'has_korean': True, 'has_english': True}"
classification,cls_0631,子陵不仕光武,論,Q5633ec941b8a,"{'has_korean': True, 'has_english': True}"
classification,cls_0632,徐偃王行仁義,論,Qd7535a1483cd,"{'has_korean': True, 'has_english': True}"
classification,cls_0633,立賢無方,論,Q201bae0739aa,"{'has_korean': True, 'has_english': True}"
classification,cls_0634,人力可以奪造化,論,Q4b486d9b0702,"{'has_korean': True, 'has_english': True}"
classification,cls_0635,王導,論,Qe7648c4f4402,"{'has_korean': True, 'has_english': True}"
classification,cls_0636,五行不言用,論,Q2cf300b78312,"{'has_korean': True, 'has_english': True}"
classification,cls_0637,漢光武不任三公,論,Q37f9ba4ead47,"{'has_korean': True, 'has_english': True}"
classification,cls_0638,華封人請祝聖人,論,Q263354764938,"{'has_korean': True, 'has_english': True}"
classification,cls_0639,徐偃王行仁義,論,Qd7535a1483cd,"{'has_korean': True, 'has_english': True}"
classification,cls_0640,人皆可以爲堯舜,論,Qd365c787e557,"{'has_korean': True, 'has_english': True}"
classification,cls_0641,分天下爲三十六郡,論,Q5633ec941b8a,"{'has_korean': True, 'has_english': True}"
classification,cls_0642,箕子爲武王陳洪範,論,Qaf0a55bdc1d2,"{'has_korean': True, 'has_english': True}"
classification,cls_0643,三壽作朋,論,Q263354764938,"{'has_korean': True, 'has_english': True}"
classification,cls_0644,魏徵不願爲忠臣,論,Q5f022b5e5bf3,"{'has_korean': True, 'has_english': True}"
classification,cls_0645,爲君難,論,Qfc678349db6f,"{'has_korean': True, 'has_english': True}"
classification,cls_0646,"孔明治蜀, 不立史官",論,Q5f022b5e5bf3,"{'has_korean': True, 'has_english': True}"
classification,cls_0647,雲從龍,論,Q615c3308d72d,"{'has_korean': True, 'has_english': True}"
classification,cls_0648,蕭何大治未央宮,論,Q4994463f4afa,"{'has_korean': True, 'has_english': True}"
classification,cls_0649,命龍于末,論,Qd820a6d5f8ac,"{'has_korean': True, 'has_english': True}"
classification,cls_0650,剛後無詩,論,Qf0e1acd579ce,"{'has_korean': True, 'has_english': True}"
classification,cls_0651,_、夔、稷、契讀何書論,論,Q67581456d8fc,"{'has_korean': True, 'has_english': True}"
classification,cls_0652,井田,論,Q69267418d671,"{'has_korean': True, 'has_english': True}"
classification,cls_0653,檀君一千四百年,論,Q615c3308d72d,"{'has_korean': True, 'has_english': True}"
classification,cls_0654,分天下爲三十六郡,論,Q5633ec941b8a,"{'has_korean': True, 'has_english': True}"
classification,cls_0655,徐偃王行仁義,論,Qd7535a1483cd,"{'has_korean': True, 'has_english': True}"
classification,cls_0656,古今文尙書,論,Q24136496a5eb,"{'has_korean': True, 'has_english': True}"
classification,cls_0657,留侯善藏其用,論,Qed84dd630820,"{'has_korean': True, 'has_english': True}"
classification,cls_0658,周公撻伯禽論,論,Q130cdfeaafe9,"{'has_korean': True, 'has_english': True}"
classification,cls_0659,孔明可興禮樂,論,Q19cddccd247e,"{'has_korean': True, 'has_english': True}"
classification,cls_0660,徐偃王行仁義,論,Qd7535a1483cd,"{'has_korean': True, 'has_english': True}"
classification,cls_0661,不畏秦王而屈於廉頗,論,Q4f1e94fce716,"{'has_korean': True, 'has_english': True}"
classification,cls_0662,蕭何追韓信,論,Qd365c787e557,"{'has_korean': True, 'has_english': True}"
classification,cls_0663,扶杖聽詔,論,Qcadc012f8bee,"{'has_korean': True, 'has_english': True}"
classification,cls_0664,爲治當法三代,論,Qb840e4af5120,"{'has_korean': True, 'has_english': True}"
classification,cls_0665,爲君難,論,Qfc678349db6f,"{'has_korean': True, 'has_english': True}"
classification,cls_0666,復封韓信爲淮陰侯,論,Q19cddccd247e,"{'has_korean': True, 'has_english': True}"
classification,cls_0667,羊祜飮陸抗酒,論,Qaf0a55bdc1d2,"{'has_korean': True, 'has_english': True}"
classification,cls_0668,三雍,論,Q2cf300b78312,"{'has_korean': True, 'has_english': True}"
classification,cls_0669,三代氣像何比管樂,論,Qe9b4615cfe63,"{'has_korean': True, 'has_english': True}"
classification,cls_0670,漢光武不任三公,論,Q37f9ba4ead47,"{'has_korean': True, 'has_english': True}"
classification,cls_0671,太學賢士所關,論,Qb840e4af5120,"{'has_korean': True, 'has_english': True}"
classification,cls_0672,守成難於創業,論,Qdb42287609f5,"{'has_korean': True, 'has_english': True}"
classification,cls_0673,子房有儒者氣像,論,Q24136496a5eb,"{'has_korean': True, 'has_english': True}"
classification,cls_0674,"議明堂, 巡狩, 服色",論,Qed84dd630820,"{'has_korean': True, 'has_english': True}"
classification,cls_0675,_淵却虜,頌,Qcd77e7305b20,"{'has_korean': True, 'has_english': True}"
classification,cls_0676,丕顯丕承,頌,Qba14f31a0ca4,"{'has_korean': True, 'has_english': True}"
classification,cls_0677,斗米三錢,頌,Qa55e607e573f,"{'has_korean': True, 'has_english': True}"
classification,cls_0678,"濟濟多士, 秉文之德",頌,Q703bc9fd8fa4,"{'has_korean': True, 'has_english': True}"
classification,cls_0679,賜民今年租稅之半,頌,Qab0dab6d94f4,"{'has_korean': True, 'has_english': True}"
classification,cls_0680,舞干羽于兩階,頌,Q48e07e3b61c4,"{'has_korean': True, 'has_english': True}"
classification,cls_0681,_衣覲先王,頌,Q5bc667ef223b,"{'has_korean': True, 'has_english': True}"
classification,cls_0682,聖主得賢臣,頌,Qfaf66a64635c,"{'has_korean': True, 'has_english': True}"
classification,cls_0683,河淸,頌,Q0633e562c8b8,"{'has_korean': True, 'has_english': True}"
classification,cls_0684,順昌奏捷,頌,Q1a1b499b8455,"{'has_korean': True, 'has_english': True}"
classification,cls_0685,聖主得賢臣,頌,Qfaf66a64635c,"{'has_korean': True, 'has_english': True}"
classification,cls_0686,玄圭告成功,頌,Qc0ab6ec2b6a5,"{'has_korean': True, 'has_english': True}"
classification,cls_0687,年_,頌,Qbf9af5c1d831,"{'has_korean': True, 'has_english': True}"
classification,cls_0688,拜昌言,頌,Q88c7edd43383,"{'has_korean': True, 'has_english': True}"
classification,cls_0689,拜昌言,頌,Q88c7edd43383,"{'has_korean': True, 'has_english': True}"
classification,cls_0690,仁政殿,頌,Q07f0bcabef7c,"{'has_korean': True, 'has_english': True}"
classification,cls_0691,"一有元良, 萬國以貞",頌,Qfc562141a408,"{'has_korean': True, 'has_english': True}"
classification,cls_0692,首戴德,頌,Qe0a7348a9887,"{'has_korean': True, 'has_english': True}"
classification,cls_0693,本支百世,頌,Q08815d8cd8d2,"{'has_korean': True, 'has_english': True}"
classification,cls_0694,順昌奏捷,頌,Q1a1b499b8455,"{'has_korean': True, 'has_english': True}"
classification,cls_0695,平蚩尤,頌,Q661a0615eef3,"{'has_korean': True, 'has_english': True}"
classification,cls_0696,本支百世,頌,Q70c9dc93ea84,"{'has_korean': True, 'has_english': True}"
classification,cls_0697,_雍,頌,Q4c0872799c9b,"{'has_korean': True, 'has_english': True}"
classification,cls_0698,順昌奏捷,頌,Q1a1b499b8455,"{'has_korean': True, 'has_english': True}"
classification,cls_0699,安不忘危,箴,Q7722b2479a85,"{'has_korean': True, 'has_english': True}"
classification,cls_0700,不愧于屋漏,箴,Qfc4ffb7719de,"{'has_korean': True, 'has_english': True}"
classification,cls_0701,愼終如始,箴,Q37be5cd6ba04,"{'has_korean': True, 'has_english': True}"
classification,cls_0702,敬德祈命,箴,Q2d3b69384481,"{'has_korean': True, 'has_english': True}"
classification,cls_0703,見賢思齊,箴,Q4b0ce450eb49,"{'has_korean': True, 'has_english': True}"
classification,cls_0704,愼終于始,箴,Q4f046359a6bb,"{'has_korean': True, 'has_english': True}"
classification,cls_0705,愼終如始,箴,Q37be5cd6ba04,"{'has_korean': True, 'has_english': True}"
classification,cls_0706,幾,箴,Q6d5e37ad7255,"{'has_korean': True, 'has_english': True}"
classification,cls_0707,殷憂啓聖,箴,Qd47669df1f33,"{'has_korean': True, 'has_english': True}"
classification,cls_0708,念終始典于學,箴,Qf2cdb6e0e5c0,"{'has_korean': True, 'has_english': True}"
classification,cls_0709,守成,箴,Q1893f5c31c64,"{'has_korean': True, 'has_english': True}"
classification,cls_0710,莫見乎隱,箴,Qf6f6c026aec1,"{'has_korean': True, 'has_english': True}"
classification,cls_0711,求賢良直言方極諫之士,詔,Qc672a739b7c3,"{'has_korean': True, 'has_english': True}"
classification,cls_0712,擬唐封郭子儀汾陽王,詔,Q70eb15063672,"{'has_korean': True, 'has_english': True}"
classification,cls_0713,作車舟以濟不通,詔,Qe45c634a7334,"{'has_korean': True, 'has_english': True}"
classification,cls_0714,唐太宗復立魏徵_碑,詔,Q2f55fdb8df89,"{'has_korean': True, 'has_english': True}"
classification,cls_0715,擬春詔,詔,Q5fa073aa01d9,"{'has_korean': True, 'has_english': True}"
classification,cls_0716,夫子在座,銘,Q3eee2c3c1432,"{'has_korean': True, 'has_english': True}"
classification,cls_0717,玉流泉,銘,Q827ce630f9bc,"{'has_korean': True, 'has_english': True}"
classification,cls_0718,五絃琴,銘,Qb454d2cea549,"{'has_korean': True, 'has_english': True}"
classification,cls_0719,奎章閣銘幷引,銘,Qa09fdde0e44b,"{'has_korean': True, 'has_english': True}"
classification,cls_0720,蕩蕩平平室,銘,Q18905c8111d2,"{'has_korean': True, 'has_english': True}"
classification,cls_0721,禹鼎,銘,Qbb2f25810cae,"{'has_korean': True, 'has_english': True}"
classification,cls_0722,三角山,銘,Qd09ea3bf9724,"{'has_korean': True, 'has_english': True}"
classification,cls_0723,隆文堂,銘,Q20439765bdb6,"{'has_korean': True, 'has_english': True}"
classification,cls_0724,養心閤,銘,Qb5c152f390aa,"{'has_korean': True, 'has_english': True}"
classification,cls_0725,蕩之盤,銘,Qaf5efac7fc25,"{'has_korean': True, 'has_english': True}"
classification,cls_0726,舟水閣 銘幷引,銘,Qe07daa85abb1,"{'has_korean': True, 'has_english': True}"
classification,cls_0727,五經琴,銘,Qaf7a1f1450dd,"{'has_korean': True, 'has_english': True}"
classification,cls_0728,仁政閣,銘,Q2bdefeb5e3a7,"{'has_korean': True, 'has_english': True}"
classification,cls_0729,明倫堂,銘,Q359be4a8e314,"{'has_korean': True, 'has_english': True}"
classification,cls_0730,湯之盤,銘,Q44019dcbfbe8,"{'has_korean': True, 'has_english': True}"
classification,cls_0731,湯盤,銘,Q797ef544d5d1,"{'has_korean': True, 'has_english': True}"
classification,cls_0732,靑陽門,銘,Q538a3336214a,"{'has_korean': True, 'has_english': True}"
classification,cls_0733,觀豊閣,銘,Q1fadcc875d9f,"{'has_korean': True, 'has_english': True}"
classification,cls_0734,蕩蕩平平室,銘,Q2bbfb3b0958e,"{'has_korean': True, 'has_english': True}"
classification,cls_0735,蕩之盤,銘,Qfcbcc32cc615,"{'has_korean': True, 'has_english': True}"
classification,cls_0736,魚水堂,銘,Q222623dcae05,"{'has_korean': True, 'has_english': True}"
classification,cls_0737,大成殿,銘,Q830feebbf6a4,"{'has_korean': True, 'has_english': True}"
classification,cls_0738,古鏡,銘,Qc03c24a782f3,"{'has_korean': True, 'has_english': True}"
classification,cls_0739,觀豊閣,銘,Q2f3bd2fcfe94,"{'has_korean': True, 'has_english': True}"
classification,cls_0740,崇政殿,銘,Q16f18935db76,"{'has_korean': True, 'has_english': True}"
classification,cls_0741,春塘臺,銘,Qd65dfa0d6b22,"{'has_korean': True, 'has_english': True}"
classification,cls_0742,明倫堂,銘,Qf1b843208752,"{'has_korean': True, 'has_english': True}"
classification,cls_0743,金鑑,銘,Qd393ef1f9e73,"{'has_korean': True, 'has_english': True}"
classification,cls_0744,禹鼎,銘,Q297216308d06,"{'has_korean': True, 'has_english': True}"
classification,cls_0745,"允文文王, 克開厥後",銘,Q83140f81b0ee,"{'has_korean': True, 'has_english': True}"
classification,cls_0746,仁政殿,銘,Q442ac605f249,"{'has_korean': True, 'has_english': True}"
classification,cls_0747,允文文王克開厥後,銘,Qde39bbc8b8a2,"{'has_korean': True, 'has_english': True}"
classification,cls_0748,魚水堂,銘,Qcc0929ba1d6b,"{'has_korean': True, 'has_english': True}"
classification,cls_0749,仁政殿,銘,Qc1c06a8f7cd6,"{'has_korean': True, 'has_english': True}"
classification,cls_0750,蕩蕩平平室,銘,Q18905c8111d2,"{'has_korean': True, 'has_english': True}"
classification,cls_0751,南薰琴,銘,Q2816530b80d5,"{'has_korean': True, 'has_english': True}"
classification,cls_0752,齊政閣,銘,Qd6f718e74d49,"{'has_korean': True, 'has_english': True}"
classification,cls_0753,土階,銘,Q299b14f74a5a,"{'has_korean': True, 'has_english': True}"
classification,cls_0754,集春門,銘,Q1c95a8cc9d70,"{'has_korean': True, 'has_english': True}"
classification,cls_0755,崇政殿,銘,Q7f9769b59ede,"{'has_korean': True, 'has_english': True}"
classification,cls_0756,金馬門,銘,Qfe17220bb16f,"{'has_korean': True, 'has_english': True}"
classification,cls_0757,景福宮,銘,Qf740b5e7ad46,"{'has_korean': True, 'has_english': True}"
classification,cls_0758,樓鍾,銘,Q7fc0a70e25ef,"{'has_korean': True, 'has_english': True}"
classification,cls_0759,__,銘,Q924c3dbe88e9,"{'has_korean': True, 'has_english': True}"
classification,cls_0760,蕩蕩平平室,銘,Qd4d7ff087b48,"{'has_korean': True, 'has_english': True}"
classification,cls_0761,繼照堂,銘,Q0a34d259df69,"{'has_korean': True, 'has_english': True}"
classification,cls_0762,璿璣玉衡,銘,Q0b08b678bc52,"{'has_korean': True, 'has_english': True}"
classification,cls_0763,耕根車,銘,Q71126749436a,"{'has_korean': True, 'has_english': True}"
classification,cls_0764,蕩蕩平平室,銘,Q2bbfb3b0958e,"{'has_korean': True, 'has_english': True}"
classification,cls_0765,重熙堂,銘,Qa9983c6e0b22,"{'has_korean': True, 'has_english': True}"
classification,cls_0766,石渠門,銘,Qda7c077ba8b2,"{'has_korean': True, 'has_english': True}"
classification,cls_0767,貳極門,銘,Q2c697a54a94b,"{'has_korean': True, 'has_english': True}"
classification,cls_0768,春塘臺,銘,Q76fbf8018ad8,"{'has_korean': True, 'has_english': True}"
classification,cls_0769,"驕人好好, 勞人草草.",詩義,Q076934079a7e,"{'has_korean': True, 'has_english': True}"
classification,cls_0770,訪予落止,詩義,Q84df83e734b7,"{'has_korean': True, 'has_english': True}"
classification,cls_0771,"徹彼乘土, 綢繆_戶.",詩義,Qc01e2d0cb92d,"{'has_korean': True, 'has_english': True}"
classification,cls_0772,__在堂,詩義,Q765f981bf7fa,"{'has_korean': True, 'has_english': True}"
classification,cls_0773,"我日斯邁, 而月斯征.",詩義,Q2cced3d3db0b,"{'has_korean': True, 'has_english': True}"
classification,cls_0774,"不_不求, 何用不藏.",詩義,Q23bd8674f75f,"{'has_korean': True, 'has_english': True}"
classification,cls_0775,王釐爾成,詩義,Q95fdae9b474d,"{'has_korean': True, 'has_english': True}"
classification,cls_0776,君子比德於三,禮義,Qf1ceb8b0ba43,"{'has_korean': True, 'has_english': True}"
classification,cls_0777,風雨霜露無非敎,禮義,Q4c84bf174e8d,"{'has_korean': True, 'has_english': True}"
classification,cls_0778,事君有犯而無隱.,禮義,Q268a7b80edf1,"{'has_korean': True, 'has_english': True}"
classification,cls_0779,"禮之於人, 猶酒之有蘖.",禮義,Q6d3fa65ee775,"{'has_korean': True, 'has_english': True}"
classification,cls_0780,"賢者之祭, 必受其福.",禮義,Q6b05b8fb5a2e,"{'has_korean': True, 'has_english': True}"
classification,cls_0781,"禮之於人, 猶酒之有蘖.",禮義,Q1b901ee87335,"{'has_korean': True, 'has_english': True}"
classification,cls_0782,"人者, 天地之心.",禮義,Q0f5a7c0a7d0e,"{'has_korean': True, 'has_english': True}"
classification,cls_0783,"損益, 盛衰之始.",易義,Qdedd44b41f08,"{'has_korean': True, 'has_english': True}"
classification,cls_0784,吉人之辭寡.,易義,Qfcfded92e6f0,"{'has_korean': True, 'has_english': True}"
classification,cls_0785,"觀其會通, 以行其典禮. 易.",易義,Q147f00b3476a,"{'has_korean': True, 'has_english': True}"
classification,cls_0786,天下何思何慮?,易義,Qbd5db73f8c13,"{'has_korean': True, 'has_english': True}"
classification,cls_0787,"富有之謂大業, 日新之謂盛德.",易義,Qb8e720b6a036,"{'has_korean': True, 'has_english': True}"
classification,cls_0788,"唯幾也, 故能成天下之務.",易義,Qf17ebcffef74,"{'has_korean': True, 'has_english': True}"
classification,cls_0789,物大然後可觀. 易.,易義,Q147f00b3476a,"{'has_korean': True, 'has_english': True}"
classification,cls_0790,萬物_而其事類.,易義,Qf17ebcffef74,"{'has_korean': True, 'has_english': True}"
classification,cls_0791,"損益, 盛衰之始.",易義,Q9042b393c567,"{'has_korean': True, 'has_english': True}"
classification,cls_0792,九敍惟歌.,書義,Qe73ca299382e,"{'has_korean': True, 'has_english': True}"
classification,cls_0793,木鐸徇于路,書義,Qaa9c6f46f0bd,"{'has_korean': True, 'has_english': True}"
classification,cls_0794,在璿璣玉衡，以齊七政.,書義,Qe7181b61a514,"{'has_korean': True, 'has_english': True}"
classification,cls_0795,位不期驕.,書義,Qb6cf4cc1b567,"{'has_korean': True, 'has_english': True}"
classification,cls_0796,旅王若公.,書義,Qe7181b61a514,"{'has_korean': True, 'has_english': True}"
classification,cls_0797,"王德而問業, 子曰""無友不如己者"", 人皆取勝已者爲友, 則不如己者何所取友而輔仁歟?",書義,Q834195ad7200,"{'has_korean': True, 'has_english': True}"
classification,cls_0798,君子不盡利而遺民.,禮義,Q28add9f5c625,"{'has_korean': True, 'has_english': True}"
classification,cls_0799,杜擧.,禮義,Q6b8c61e029dc,"{'has_korean': True, 'has_english': True}"
classification,cls_0800,君子多文以爲富,禮義,Qdc6a1b980b76,"{'has_korean': True, 'has_english': True}"
classification,cls_0801,禮義以爲干櫓.,禮義,Q6b8c61e029dc,"{'has_korean': True, 'has_english': True}"
classification,cls_0802,天子以德爲車.,禮義,Q69140cf979ac,"{'has_korean': True, 'has_english': True}"
classification,cls_0803,報者天下之利.,禮義,Q2fbc3a1aac10,"{'has_korean': True, 'has_english': True}"
classification,cls_0804,唐拜裵度同平章事,制,Qf2ff7f0b087a,"{'has_korean': True, 'has_english': True}"
classification,cls_0805,宋拜富弼同平章事,制,Qb92bc5b1a33d,"{'has_korean': True, 'has_english': True}"
classification,cls_0806,唐依韓信故事拜渾_副元師,制,Qc34c753fa1ca,"{'has_korean': True, 'has_english': True}"
classification,cls_0807,"問武王伐紂, 伯夷饑死於首陽, 太公鷹揚於牧野, 若使夫子當其時, 則從伯夷歟? 從太公歟?",擬,Q8543817a9f87,"{'has_korean': True, 'has_english': True}"
classification,cls_0808,"問子曰, 甚矣. 吾衰也久矣, 不復夢周公. 夫夢者, 茫昧難信之事, 而聖人欲行其道而必占於夢者. 何歟? 且夫子之去周公累百餘年, 則雖有夢, 而夫子何以知其爲周公歟?",擬,Q8543817a9f87,"{'has_korean': True, 'has_english': True}"
