source_url,viewer_url
http://hnkostma.org/emuseum/service/data/dataUCI.jsp?data_uci=KCIS_U038+MPNHNKSMC+KSM-XD.1881.4687-20090726.YNE00019_0,http://hnkostma.org/emuseum/service/data/evoDataImage_evo.jsp?imageSize=700&data_group=4718&imageCnt=2&title=1881%EB%85%84%20%EC%9D%B4%EB%AF%BC%EC%9D%98(%EF%A7%A1%E6%B0%91%E5%84%80)%20%EC%8B%9C%EA%B6%8C(%E8%A9%A6%E5%88%B8)&uci=KCIS_U038+MPNHNKSMC+KSM-XD.1881.4687-20090726.YNE00019_0
http://hnkostma.org/emuseum/service/data/dataUCI.jsp?data_uci=KCIS_U038+MPNHNKSMC+KSM-XD.1882.1111-20150410.GMK00029,http://hnkostma.org/emuseum/service/data/evoDataImage_evo.jsp?imageSize=700&data_group=26435&imageCnt=4&title=1882%EB%85%84%20%EA%B3%A0%EC%98%81%EC%A3%BC(%E9%AB%98%E6%A6%AE%E6%9F%B1)%20%EC%8B%9C%EA%B6%8C(%E8%A9%A6%E5%88%B8)&uci=KCIS_U038+MPNHNKSMC+KSM-XD.1882.1111-20150410.GMK00029
http://hnkostma.org/emuseum/service/data/dataUCI.jsp?data_uci=KCIS_U038+MPNHNKSMC+KSM-XD.1884.0000-20150410.GMK00030,http://hnkostma.org/emuseum/service/data/evoDataImage_evo.jsp?imageSize=700&data_group=26437&imageCnt=5&title=1884%EB%85%84%20%EA%B3%A0%EC%98%81%EC%A3%BC(%E9%AB%98%E6%A6%AE%E6%9F%B1)%20%EC%8B%9C%EA%B6%8C(%E8%A9%A6%E5%88%B8)&uci=KCIS_U038+MPNHNKSMC+KSM-XD.1884.0000-20150410.GMK00030
http://hnkostma.org/emuseum/service/data/dataUCI.jsp?data_uci=KCIS_U038+MPNHNKSMC+KSM-XD.1888.0000-20150410.GMK00031,http://hnkostma.org/emuseum/service/data/evoDataImage_evo.jsp?imageSize=700&data_group=26439&imageCnt=8&title=1888%EB%85%84%20%EA%B3%A0%EC%9C%A4%EC%83%81(%E9%AB%98%E5%85%81%E7%9B%B8)%20%EC%8B%9C%EA%B6%8C(%E8%A9%A6%E5%88%B8)&uci=KCIS_U038+MPNHNKSMC+KSM-XD.1888.0000-20150410.GMK00031
http://hnkostma.org/emuseum/service/data/dataUCI.jsp?data_uci=KCIS_U038+MPNHNKSMC+KSM-XD.1889.4687-20090726.YNE00020_0,http://hnkostma.org/emuseum/service/data/evoDataImage_evo.jsp?imageSize=700&data_group=4691&imageCnt=2&title=1889%EB%85%84%20%EC%9D%B4%EB%AF%BC%EC%9D%98(%EF%A7%A1%E6%B0%91%E5%84%80)%20%EC%8B%9C%EA%B6%8C(%E8%A9%A6%E5%88%B8)&uci=KCIS_U038+MPNHNKSMC+KSM-XD.1889.4687-20090726.YNE00020_0
http://hnkostma.org/emuseum/service/data/dataUCI.jsp?data_uci=KCIS_U038+CHNHNKSMC+KSM-XD.1624.1100-20130430.KHK00637,http://hnkostma.org/emuseum/service/data/evoDataImage_evo.jsp?imageSize=700&data_group=18615&imageCnt=2&title=1624%EB%85%84%20%EA%B8%B0%EC%A7%84%ED%83%81(%E5%A5%87%E9%9C%87%E9%90%B8)%20%EC%8B%9C%EA%B6%8C(%E8%A9%A6%E5%88%B8)&uci=KCIS_U038+CHNHNKSMC+KSM-XD.1624.1100-20130430.KHK00637
http://hnkostma.org/emuseum/service/data/dataUCI.jsp?data_uci=KCIS_U038+CHNHNKSMC+KSM-XD.1785.1100-20130430.KHK00638,http://hnkostma.org/emuseum/service/data/evoDataImage_evo.jsp?imageSize=700&data_group=18616&imageCnt=2&title=1785%EB%85%84%20%EA%B8%B0%ED%83%9C%EC%98%A8(%E5%A5%87%E6%B3%B0%E6%BA%AB)%20%EC%8B%9C%EA%B6%8C(%E8%A9%A6%E5%88%B8)&uci=KCIS_U038+CHNHNKSMC+KSM-XD.1785.1100-20130430.KHK00638
http://hnkostma.org/emuseum/service/data/dataUCI.jsp?data_uci=KCIS_U038+CHNHNKSMC+KSM-XD.1805.1100-20130430.KHK00640,http://hnkostma.org/emuseum/service/data/evoDataImage_evo.jsp?imageSize=700&data_group=18618&imageCnt=2&title=1805%EB%85%84%20%EA%B8%B0%EC%9E%AC%ED%9A%A8(%E5%A5%87%E5%9C%A8%E5%AD%9D)%20%EC%8B%9C%EA%B6%8C(%E8%A9%A6%E5%88%B8)&uci=KCIS_U038+CHNHNKSMC+KSM-XD.1805.1100-20130430.KHK00640
http://hnkostma.org/emuseum/service/data/dataUCI.jsp?data_uci=KCIS_U038+CHNHNKSMC+KSM-XD.1805.1111-20140430.YUD00012,http://hnkostma.org/emuseum/service/data/evoDataImage_evo.jsp?imageSize=700&data_group=23086&imageCnt=2&title=1805%EB%85%84%20%EC%9C%A0%EB%B3%B5%EC%82%BC(%EF%A7%89%EF%A5%A6%E4%B8%89)%20%EC%8B%9C%EA%B6%8C(%E8%A9%A6%E5%88%B8)&uci=KCIS_U038+CHNHNKSMC+KSM-XD.1805.1111-20140430.YUD00012
http://hnkostma.org/emuseum/service/data/dataUCI.jsp?data_uci=KCIS_U038+CHNHNKSMC+KSM-XD.1805.4671-20140430.YUD00011,http://hnkostma.org/emuseum/service/data/evoDataImage_evo.jsp?imageSize=700&data_group=23083&imageCnt=2&title=1805%EB%85%84%20%EC%9C%A0%EB%B3%B5%EC%82%BC(%EF%A7%89%EF%A5%A6%E4%B8%89)%20%EC%8B%9C%EA%B6%8C(%E8%A9%A6%E5%88%B8)&uci=KCIS_U038+CHNHNKSMC+KSM-XD.1805.4671-20140430.YUD00011
http://hnkostma.org/emuseum/service/data/dataUCI.jsp?data_uci=KCIS_U038+CHNHNKSMC+KSM-XD.1806.1100-20130430.KHK00641,http://hnkostma.org/emuseum/service/data/evoDataImage_evo.jsp?imageSize=700&data_group=18619&imageCnt=2&title=1806%EB%85%84%20%EA%B8%B0%EC%9E%AC%ED%9A%A8(%E5%A5%87%E5%9C%A8%E5%AD%9D)%20%EC%8B%9C%EA%B6%8C(%E8%A9%A6%E5%88%B8)&uci=KCIS_U038+CHNHNKSMC+KSM-XD.1806.1100-20130430.KHK00641
http://hnkostma.org/emuseum/service/data/dataUCI.jsp?data_uci=KCIS_U038+CHNHNKSMC+KSM-XD.1813.1100-20130430.KHK00642,http://hnkostma.org/emuseum/service/data/evoDataImage_evo.jsp?imageSize=700&data_group=18620&imageCnt=2&title=1813%EB%85%84%20%EA%B8%B0%EC%9E%AC%ED%9A%A8(%E5%A5%87%E5%9C%A8%E5%AD%9D)%20%EC%8B%9C%EA%B6%8C(%E8%A9%A6%E5%88%B8)&uci=KCIS_U038+CHNHNKSMC+KSM-XD.1813.1100-20130430.KHK00642
http://hnkostma.org/emuseum/service/data/dataUCI.jsp?data_uci=KCIS_U038+CHNHNKSMC+KSM-XD.1814.1100-20130430.KHK00643,http://hnkostma.org/emuseum/service/data/evoDataImage_evo.jsp?imageSize=700&data_group=18621&imageCnt=2&title=1814%EB%85%84%20%EA%B8%B0%EC%9E%AC%ED%9A%A8(%E5%A5%87%E5%9C%A8%E5%AD%9D)%20%EC%8B%9C%EA%B6%8C(%E8%A9%A6%E5%88%B8)&uci=KCIS_U038+CHNHNKSMC+KSM-XD.1814.1100-20130430.KHK00643
http://hnkostma.org/emuseum/service/data/dataUCI.jsp?data_uci=KCIS_U038+CHNHNKSMC+KSM-XD.1828.1100-20130430.KHK00644,http://hnkostma.org/emuseum/service/data/evoDataImage_evo.jsp?imageSize=700&data_group=18622&imageCnt=2&title=1828%EB%85%84%20%EA%B8%B0%EC%9E%AC%EC%9D%98(%E5%A5%87%E5%9C%A8%E6%87%BF)%20%EC%8B%9C%EA%B6%8C(%E8%A9%A6%E5%88%B8)&uci=KCIS_U038+CHNHNKSMC+KSM-XD.1828.1100-20130430.KHK00644
http://hnkostma.org/emuseum/service/data/dataUCI.jsp?data_uci=KCIS_U038+CHNHNKSMC+KSM-XD.1828.1100-20130430.KHK00645,http://hnkostma.org/emuseum/service/data/evoDataImage_evo.jsp?imageSize=700&data_group=18623&imageCnt=2&title=1828%EB%85%84%20%EA%B8%B0%EC%9C%A4%EC%A7%84(%E5%A5%87%E5%85%81%E9%8E%AD)%20%EC%8B%9C%EA%B6%8C(%E8%A9%A6%E5%88%B8)&uci=KCIS_U038+CHNHNKSMC+KSM-XD.1828.1100-20130430.KHK00645
http://hnkostma.org/emuseum/service/data/dataUCI.jsp?data_uci=KCIS_U038+CHNHNKSMC+KSM-XD.1831.1100-20130430.KHK00632,http://hnkostma.org/emuseum/service/data/evoDataImage_evo.jsp?imageSize=700&data_group=18610&imageCnt=2&title=1831%EB%85%84%20%EA%B8%B0%EC%A0%95%EC%A7%84(%E5%A5%87%E6%AD%A3%E9%8E%AD)%20%EC%8B%9C%EA%B6%8C(%E8%A9%A6%E5%88%B8)&uci=KCIS_U038+CHNHNKSMC+KSM-XD.1831.1100-20130430.KHK00632
http://hnkostma.org/emuseum/service/data/dataUCI.jsp?data_uci=KCIS_U038+CHNHNKSMC+KSM-XD.1831.1100-20130430.KHK00633,
http://hnkostma.org/emuseum/service/data/dataUCI.jsp?data_uci=KCIS_U038+CHNHNKSMC+KSM-XD.1831.1100-20130430.KHK00646,http://hnkostma.org/emuseum/service/data/evoDataImage_evo.jsp?imageSize=700&data_group=18624&imageCnt=2&title=1831%EB%85%84%20%EA%B8%B0%EC%9C%A4%EC%A7%84(%E5%A5%87%E5%85%81%E9%8E%AD)%20%EC%8B%9C%EA%B6%8C(%E8%A9%A6%E5%88%B8)&uci=KCIS_U038+CHNHNKSMC+KSM-XD.1831.1100-20130430.KHK00646
http://hnkostma.org/emuseum/service/data/dataUCI.jsp?data_uci=KCIS_U038+CHNHNKSMC+KSM-XD.1831.1100-20130430.KHK00647,http://hnkostma.org/emuseum/service/data/evoDataImage_evo.jsp?imageSize=700&data_group=18625&imageCnt=2&title=1831%EB%85%84%20%EA%B8%B0%EC%A3%BC%EC%A7%84(%E5%A5%87%E7%96%87%E9%8E%AD)%20%EC%8B%9C%EA%B6%8C(%E8%A9%A6%E5%88%B8)&uci=KCIS_U038+CHNHNKSMC+KSM-XD.1831.1100-20130430.KHK00647
http://hnkostma.org/emuseum/service/data/dataUCI.jsp?data_uci=KCIS_U038+CHNHNKSMC+KSM-XD.1845.1100-20130430.PGJ00057,http://hnkostma.org/emuseum/service/data/evoDataImage_evo.jsp?imageSize=700&data_group=18044&imageCnt=2&title=1845%EB%85%84%20%EB%B0%95%EC%A2%85%EB%A6%B0(%E6%9C%B4%E5%AE%97%E9%BA%9F)%20%EC%8B%9C%EA%B6%8C(%E8%A9%A6%E5%88%B8)&uci=KCIS_U038+CHNHNKSMC+KSM-XD.1845.1100-20130430.PGJ00057
http://hnkostma.org/emuseum/service/data/dataUCI.jsp?data_uci=KCIS_U038+CHNHNKSMC+KSM-XD.1848.1100-20130430.KHK00648,http://hnkostma.org/emuseum/service/data/evoDataImage_evo.jsp?imageSize=700&data_group=18626&imageCnt=2&title=1848%EB%85%84%20%EA%B8%B0%ED%96%89%EC%97%B0(%E5%A5%87%E8%A1%8C%E8%A1%8D)%20%EC%8B%9C%EA%B6%8C(%E8%A9%A6%E5%88%B8)&uci=KCIS_U038+CHNHNKSMC+KSM-XD.1848.1100-20130430.KHK00648
http://hnkostma.org/emuseum/service/data/dataUCI.jsp?data_uci=KCIS_U038+CHNHNKSMC+KSM-XD.1858.1100-20130430.KHK00634,http://hnkostma.org/emuseum/service/data/evoDataImage_evo.jsp?imageSize=700&data_group=18612&imageCnt=2&title=1858%EB%85%84%20%EA%B8%B0%EB%A7%8C%EC%97%B0(%E5%A5%87%E6%99%A9%E8%A1%8D)%20%EC%8B%9C%EA%B6%8C(%E8%A9%A6%E5%88%B8)&uci=KCIS_U038+CHNHNKSMC+KSM-XD.1858.1100-20130430.KHK00634
http://hnkostma.org/emuseum/service/data/dataUCI.jsp?data_uci=KCIS_U038+CHNHNKSMC+KSM-XD.1858.1100-20130430.KHK00649,http://hnkostma.org/emuseum/service/data/evoDataImage_evo.jsp?imageSize=700&data_group=18627&imageCnt=2&title=1858%EB%85%84%20%EA%B8%B0%EC%96%91%EC%97%B0(%E5%A5%87%E9%99%BD%E8%A1%8D)%20%EC%8B%9C%EA%B6%8C(%E8%A9%A6%E5%88%B8)&uci=KCIS_U038+CHNHNKSMC+KSM-XD.1858.1100-20130430.KHK00649
http://hnkostma.org/emuseum/service/data/dataUCI.jsp?data_uci=KCIS_U038+CHNHNKSMC+KSM-XD.1858.1100-20130430.PGJ00062,http://hnkostma.org/emuseum/service/data/evoDataImage_evo.jsp?imageSize=700&data_group=18049&imageCnt=2&title=1858%EB%85%84%20%EB%B0%95%EA%B8%B0%EC%A2%85(%E6%9C%B4%E6%B7%87%E9%8D%BE)%20%EC%8B%9C%EA%B6%8C(%E8%A9%A6%E5%88%B8)&uci=KCIS_U038+CHNHNKSMC+KSM-XD.1858.1100-20130430.PGJ00062
http://hnkostma.org/emuseum/service/data/dataUCI.jsp?data_uci=KCIS_U038+CHNHNKSMC+KSM-XD.1861.1100-20130430.KHK00650,http://hnkostma.org/emuseum/service/data/evoDataImage_evo.jsp?imageSize=700&data_group=18629&imageCnt=2&title=1861%EB%85%84%20%EA%B8%B0%EC%96%91%EC%97%B0(%E5%A5%87%E9%99%BD%E8%A1%8D)%20%EC%8B%9C%EA%B6%8C(%E8%A9%A6%E5%88%B8)&uci=KCIS_U038+CHNHNKSMC+KSM-XD.1861.1100-20130430.KHK00650
http://hnkostma.org/emuseum/service/data/dataUCI.jsp?data_uci=KCIS_U038+CHNHNKSMC+KSM-XD.1861.1100-20130430.PGJ00064,http://hnkostma.org/emuseum/service/data/evoDataImage_evo.jsp?imageSize=700&data_group=18051&imageCnt=2&title=1861%EB%85%84%20%EB%B0%95%EA%B8%B0%EC%A2%85(%E6%9C%B4%E6%B7%87%E9%8D%BE)%20%EC%8B%9C%EA%B6%8C(%E8%A9%A6%E5%88%B8)&uci=KCIS_U038+CHNHNKSMC+KSM-XD.1861.1100-20130430.PGJ00064
http://hnkostma.org/emuseum/service/data/dataUCI.jsp?data_uci=KCIS_U038+CHNHNKSMC+KSM-XD.1861.1100-20130430.PGJ00065,
http://hnkostma.org/emuseum/service/data/dataUCI.jsp?data_uci=KCIS_U038+CHNHNKSMC+KSM-XD.1862.1100-20130430.KHK00658,http://hnkostma.org/emuseum/service/data/evoDataImage_evo.jsp?imageSize=700&data_group=18637&imageCnt=1&title=1862%EB%85%84%20%EA%B8%B0%ED%95%9C%EC%98%81(%E5%A5%87%E6%BC%A2%E7%91%9B)%20%EC%8B%9C%EA%B6%8C(%E8%A9%A6%E5%88%B8)&uci=KCIS_U038+CHNHNKSMC+KSM-XD.1862.1100-20130430.KHK00658
http://hnkostma.org/emuseum/service/data/dataUCI.jsp?data_uci=KCIS_U038+CHNHNKSMC+KSM-XD.1863.1100-20130430.KHK00651,http://hnkostma.org/emuseum/service/data/evoDataImage_evo.jsp?imageSize=700&data_group=18630&imageCnt=1&title=1863%EB%85%84%20%EA%B8%B0%EC%96%91%EC%97%B0(%E5%A5%87%E9%99%BD%E8%A1%8D)%20%EC%8B%9C%EA%B6%8C(%E8%A9%A6%E5%88%B8)&uci=KCIS_U038+CHNHNKSMC+KSM-XD.1863.1100-20130430.KHK00651
http://hnkostma.org/emuseum/service/data/dataUCI.jsp?data_uci=KCIS_U038+CHNHNKSMC+KSM-XD.1864.1100-20130430.KHK00635,http://hnkostma.org/emuseum/service/data/evoDataImage_evo.jsp?imageSize=700&data_group=18613&imageCnt=2&title=1864%EB%85%84%20%EA%B8%B0%EC%9A%B0%EA%B8%B0(%E5%A5%87%E5%AE%87%E5%A4%94)%20%EC%8B%9C%EA%B6%8C(%E8%A9%A6%E5%88%B8)&uci=KCIS_U038+CHNHNKSMC+KSM-XD.1864.1100-20130430.KHK00635
http://hnkostma.org/emuseum/service/data/dataUCI.jsp?data_uci=KCIS_U038+CHNHNKSMC+KSM-XD.1864.4511-20130430.KHK00652,http://hnkostma.org/emuseum/service/data/evoDataImage_evo.jsp?imageSize=700&data_group=18631&imageCnt=2&title=1864%EB%85%84%20%EA%B8%B0%EC%96%91%EC%97%B0(%E5%A5%87%E9%99%BD%E8%A1%8D)%20%EC%8B%9C%EA%B6%8C(%E8%A9%A6%E5%88%B8)&uci=KCIS_U038+CHNHNKSMC+KSM-XD.1864.4511-20130430.KHK00652
http://hnkostma.org/emuseum/service/data/dataUCI.jsp?data_uci=KCIS_U038+CHNHNKSMC+KSM-XD.1866.1100-20130430.KHK00653,http://hnkostma.org/emuseum/service/data/evoDataImage_evo.jsp?imageSize=700&data_group=18632&imageCnt=2&title=1866%EB%85%84%20%EA%B8%B0%EC%96%91%EC%97%B0(%E5%A5%87%E9%99%BD%E8%A1%8D)%20%EC%8B%9C%EA%B6%8C(%E8%A9%A6%E5%88%B8)&uci=KCIS_U038+CHNHNKSMC+KSM-XD.1866.1100-20130430.KHK00653
http://hnkostma.org/emuseum/service/data/dataUCI.jsp?data_uci=KCIS_U038+CHNHNKSMC+KSM-XD.1866.1100-20130430.KHK00654,
http://hnkostma.org/emuseum/service/data/dataUCI.jsp?data_uci=KCIS_U038+CHNHNKSMC+KSM-XD.1867.1100-20130430.KHK00656,http://hnkostma.org/emuseum/service/data/evoDataImage_evo.jsp?imageSize=700&data_group=18635&imageCnt=2&title=1867%EB%85%84%20%EA%B8%B0%EC%96%91%EC%97%B0(%E5%A5%87%E9%99%BD%E8%A1%8D)%20%EC%8B%9C%EA%B6%8C(%E8%A9%A6%E5%88%B8)&uci=KCIS_U038+CHNHNKSMC+KSM-XD.1867.1100-20130430.KHK00656
http://hnkostma.org/emuseum/service/data/dataUCI.jsp?data_uci=KCIS_U038+CHNHNKSMC+KSM-XD.1870.1100-20130430.KHK00636,http://hnkostma.org/emuseum/service/data/evoDataImage_evo.jsp?imageSize=700&data_group=18614&imageCnt=2&title=1870%EB%85%84%20%EA%B8%B0%EC%9A%B0%EB%A7%8C(%E5%A5%87%E5%AE%87%E8%90%AC)%20%EC%8B%9C%EA%B6%8C(%E8%A9%A6%E5%88%B8)&uci=KCIS_U038+CHNHNKSMC+KSM-XD.1870.1100-20130430.KHK00636
http://hnkostma.org/emuseum/service/data/dataUCI.jsp?data_uci=KCIS_U038+CHNHNKSMC+KSM-XD.1881.1100-20130430.KHK00660,http://hnkostma.org/emuseum/service/data/evoDataImage_evo.jsp?imageSize=700&data_group=18639&imageCnt=2&title=1881%EB%85%84%20%EA%B8%B0%EC%9A%B0%EC%8A%B9(%E5%A5%87%E5%AE%87%E6%89%BF)%20%EC%8B%9C%EA%B6%8C(%E8%A9%A6%E5%88%B8)&uci=KCIS_U038+CHNHNKSMC+KSM-XD.1881.1100-20130430.KHK00660
http://hnkostma.org/emuseum/service/data/dataUCI.jsp?data_uci=KCIS_U038+CHNHNKSMC+KSM-XD.1885.1100-20130430.KHK00661,http://hnkostma.org/emuseum/service/data/evoDataImage_evo.jsp?imageSize=700&data_group=18640&imageCnt=2&title=1885%EB%85%84%20%EA%B8%B0%EC%9A%B0%EC%B6%98(%E5%A5%87%E5%AE%87%E6%98%A5)%20%EC%8B%9C%EA%B6%8C(%E8%A9%A6%E5%88%B8)&uci=KCIS_U038+CHNHNKSMC+KSM-XD.1885.1100-20130430.KHK00661
http://hnkostma.org/emuseum/service/data/dataUCI.jsp?data_uci=KCIS_U038+MPNHNKSMC+KSM-XD.1740.1111-20180430.SWJ00035,http://hnkostma.org/emuseum/service/data/evoDataImage_evo.jsp?imageSize=700&data_group=37685&imageCnt=4&title=1740%EB%85%84%20%EC%9C%84%EB%AC%B8%EB%8D%95(%E9%AD%8F%E6%96%87%E5%BE%B7)%20%EC%8B%9C%EA%B6%8C(%E8%A9%A6%E5%88%B8)%202&uci=KCIS_U038+MPNHNKSMC+KSM-XD.1740.1111-20180430.SWJ00035
http://hnkostma.org/emuseum/service/data/dataUCI.jsp?data_uci=KCIS_U038+MPNHNKSMC+KSM-XD.1740.4572-20180430.SWJ00034,http://hnkostma.org/emuseum/service/data/evoDataImage_evo.jsp?imageSize=700&data_group=37681&imageCnt=4&title=1740%EB%85%84%20%EC%9C%84%EB%AC%B8%EB%8D%95(%E9%AD%8F%E6%96%87%E5%BE%B7)%20%EC%8B%9C%EA%B6%8C(%E8%A9%A6%E5%88%B8)%201&uci=KCIS_U038+MPNHNKSMC+KSM-XD.1740.4572-20180430.SWJ00034
http://hnkostma.org/emuseum/service/data/dataUCI.jsp?data_uci=KCIS_U038+MPNHNKSMC+KSM-XD.1765.1111-20180430.SWJ00042,http://hnkostma.org/emuseum/service/data/evoDataImage_evo.jsp?imageSize=700&data_group=37735&imageCnt=4&title=1765%EB%85%84%20%EC%9C%84%EB%B0%B1%EA%B7%9C(%E9%AD%8F%E4%BC%AF%E7%8F%AA)%20%EC%8B%9C%EA%B6%8C(%E8%A9%A6%E5%88%B8)%202&uci=KCIS_U038+MPNHNKSMC+KSM-XD.1765.1111-20180430.SWJ00042
http://hnkostma.org/emuseum/service/data/dataUCI.jsp?data_uci=KCIS_U038+MPNHNKSMC+KSM-XD.1786.1111-20160415.HGS00031,http://hnkostma.org/emuseum/service/data/evoDataImage_evo.jsp?imageSize=700&data_group=31393&imageCnt=1&title=%201786%EB%85%84%20%EC%B5%9C%EC%8B%9C%ED%83%9D(%E5%B4%94%E6%99%82%E6%BE%A4)%20%EC%8B%9C%EA%B6%8C(%E8%A9%A6%E5%88%B8)%201&uci=KCIS_U038+MPNHNKSMC+KSM-XD.1786.1111-20160415.HGS00031
http://hnkostma.org/emuseum/service/data/dataUCI.jsp?data_uci=KCIS_U038+MPNHNKSMC+KSM-XD.1786.1111-20160415.HGS00032,http://hnkostma.org/emuseum/service/data/evoDataImage_evo.jsp?imageSize=700&data_group=31394&imageCnt=1&title=1786%EB%85%84%20%EC%B5%9C%EC%8B%9C%ED%83%9D(%E5%B4%94%E6%99%82%E6%BE%A4)%20%EC%8B%9C%EA%B6%8C(%E8%A9%A6%E5%88%B8)%202&uci=KCIS_U038+MPNHNKSMC+KSM-XD.1786.1111-20160415.HGS00032
http://hnkostma.org/emuseum/service/data/dataUCI.jsp?data_uci=KCIS_U038+MPNHNKSMC+KSM-XD.1800.1111-20150410.GMK00015,http://hnkostma.org/emuseum/service/data/evoDataImage_evo.jsp?imageSize=700&data_group=26409&imageCnt=8&title=1800%EB%85%84%20%EA%B3%A0%EC%A0%95%EB%B4%89(%E9%AB%98%E5%BB%B7%E9%B3%B3)%20%EC%8B%9C%EA%B6%8C(%E8%A9%A6%E5%88%B8)%201&uci=KCIS_U038+MPNHNKSMC+KSM-XD.1800.1111-20150410.GMK00015
http://hnkostma.org/emuseum/service/data/dataUCI.jsp?data_uci=KCIS_U038+MPNHNKSMC+KSM-XD.1800.1111-20150410.GMK00016,http://hnkostma.org/emuseum/service/data/evoDataImage_evo.jsp?imageSize=700&data_group=26411&imageCnt=1&title=1800%EB%85%84%20%EA%B3%A0%EC%A0%95%EB%B4%89(%E9%AB%98%E5%BB%B7%E9%B3%B3)%20%EC%8B%9C%EA%B6%8C(%E8%A9%A6%E5%88%B8)%202&uci=KCIS_U038+MPNHNKSMC+KSM-XD.1800.1111-20150410.GMK00016
http://hnkostma.org/emuseum/service/data/dataUCI.jsp?data_uci=KCIS_U038+MPNHNKSMC+KSM-XD.1800.1111-20160415.GKY00042,http://hnkostma.org/emuseum/service/data/evoDataImage_evo.jsp?imageSize=700&data_group=31383&imageCnt=3&title=1800%EB%85%84%20%EA%B9%80%EC%9E%AC%EB%B0%95(%E9%87%91%E5%9C%A8%E5%8D%9A)%20%EC%8B%9C%EA%B6%8C(%E8%A9%A6%E5%88%B8)%201&uci=KCIS_U038+MPNHNKSMC+KSM-XD.1800.1111-20160415.GKY00042
http://hnkostma.org/emuseum/service/data/dataUCI.jsp?data_uci=KCIS_U038+MPNHNKSMC+KSM-XD.1800.1111-20160415.GKY00043,http://hnkostma.org/emuseum/service/data/evoDataImage_evo.jsp?imageSize=700&data_group=31384&imageCnt=3&title=%201800%EB%85%84%20%EA%B9%80%EC%9E%AC%EB%B0%95(%E9%87%91%E5%9C%A8%E5%8D%9A)%20%EC%8B%9C%EA%B6%8C(%E8%A9%A6%E5%88%B8)%202&uci=KCIS_U038+MPNHNKSMC+KSM-XD.1800.1111-20160415.GKY00043
http://hnkostma.org/emuseum/service/data/dataUCI.jsp?data_uci=KCIS_U038+MPNHNKSMC+KSM-XD.1804.0000-20150410.GMK00017,http://hnkostma.org/emuseum/service/data/evoDataImage_evo.jsp?imageSize=700&data_group=26413&imageCnt=2&title=1804%EB%85%84%20%EA%B3%A0%EC%8B%9C%EC%96%B5(%E9%AB%98%E6%99%82%E5%84%84)%20%EC%8B%9C%EA%B6%8C(%E8%A9%A6%E5%88%B8)%201&uci=KCIS_U038+MPNHNKSMC+KSM-XD.1804.0000-20150410.GMK00017
http://hnkostma.org/emuseum/service/data/dataUCI.jsp?data_uci=KCIS_U038+MPNHNKSMC+KSM-XD.1804.0000-20150410.GMK00018,http://hnkostma.org/emuseum/service/data/evoDataImage_evo.jsp?imageSize=700&data_group=26415&imageCnt=2&title=1804%EB%85%84%20%EA%B3%A0%EC%8B%9C%EC%96%B5(%E9%AB%98%E6%99%82%E5%84%84)%20%EC%8B%9C%EA%B6%8C(%E8%A9%A6%E5%88%B8)%202&uci=KCIS_U038+MPNHNKSMC+KSM-XD.1804.0000-20150410.GMK00018
http://hnkostma.org/emuseum/service/data/dataUCI.jsp?data_uci=KCIS_U038+MPNHNKSMC+KSM-XD.1805.0000-20160415.GKY00046,http://hnkostma.org/emuseum/service/data/evoDataImage_evo.jsp?imageSize=700&data_group=31387&imageCnt=3&title=%201805%EB%85%84%20%EA%B9%80%EC%9E%AC%EB%B0%95(%E9%87%91%E5%9C%A8%E5%8D%9A)%20%EC%8B%9C%EA%B6%8C(%E8%A9%A6%E5%88%B8)%201&uci=KCIS_U038+MPNHNKSMC+KSM-XD.1805.0000-20160415.GKY00046
http://hnkostma.org/emuseum/service/data/dataUCI.jsp?data_uci=KCIS_U038+MPNHNKSMC+KSM-XD.1805.0000-20160415.GKY00047,http://hnkostma.org/emuseum/service/data/evoDataImage_evo.jsp?imageSize=700&data_group=31388&imageCnt=3&title=%201805%EB%85%84%20%EA%B9%80%EC%9E%AC%EB%B0%95(%E9%87%91%E5%9C%A8%E5%8D%9A)%20%EC%8B%9C%EA%B6%8C(%E8%A9%A6%E5%88%B8)%202&uci=KCIS_U038+MPNHNKSMC+KSM-XD.1805.0000-20160415.GKY00047
http://hnkostma.org/emuseum/service/data/dataUCI.jsp?data_uci=KCIS_U038+CBNHNKSMC+KSM-XD.1891.4577-20180430.JEKSW00014,http://hnkostma.org/emuseum/service/data/evoDataImage_evo.jsp?imageSize=700&data_group=37147&imageCnt=5&title=1891%EB%85%84%20%EA%B9%80%ED%99%98%EA%B7%9C(%EF%A4%8A%E7%85%A5%E5%9C%AD)%20%EC%8B%9C%EA%B6%8C(%E8%A9%A6%E5%88%B8)%202&uci=KCIS_U038+CBNHNKSMC+KSM-XD.1891.4577-20180430.JEKSW00014
http://hnkostma.org/emuseum/service/data/dataUCI.jsp?data_uci=KCIS_U038+MPNHNKSMC+KSM-XD.1844.0000-20150410.GMK00021,http://hnkostma.org/emuseum/service/data/evoDataImage_evo.jsp?imageSize=700&data_group=26421&imageCnt=4&title=1844%EB%85%84%20%EA%B3%A0%EC%84%B1%EC%A7%84(%E9%AB%98%E6%80%A7%E9%8E%AD)%20%EC%8B%9C%EA%B6%8C(%E8%A9%A6%E5%88%B8)%201&uci=KCIS_U038+MPNHNKSMC+KSM-XD.1844.0000-20150410.GMK00021
http://hnkostma.org/emuseum/service/data/dataUCI.jsp?data_uci=KCIS_U038+MPNHNKSMC+KSM-XD.1844.0000-20150410.GMK00022,http://hnkostma.org/emuseum/service/data/evoDataImage_evo.jsp?imageSize=700&data_group=26450&imageCnt=8&title=1844%EB%85%84%20%EA%B3%A0%EC%84%B1%EC%A7%84(%E9%AB%98%E6%80%A7%E9%8E%AD)%20%EC%8B%9C%EA%B6%8C(%E8%A9%A6%E5%88%B8)%202&uci=KCIS_U038+MPNHNKSMC+KSM-XD.1844.0000-20150410.GMK00022
http://hnkostma.org/emuseum/service/data/dataUCI.jsp?data_uci=KCIS_U038+MPNHNKSMC+KSM-XD.1864.1111-20150410.GMK00023,http://hnkostma.org/emuseum/service/data/evoDataImage_evo.jsp?imageSize=700&data_group=26423&imageCnt=4&title=1864%EB%85%84%20%EA%B3%A0%EC%A0%9C%EC%9D%BC(%E9%AB%98%E6%BF%9F%E9%8E%B0)%20%EC%8B%9C%EA%B6%8C(%E8%A9%A6%E5%88%B8)%201&uci=KCIS_U038+MPNHNKSMC+KSM-XD.1864.1111-20150410.GMK00023
http://hnkostma.org/emuseum/service/data/dataUCI.jsp?data_uci=KCIS_U038+MPNHNKSMC+KSM-XD.1864.1111-20150410.GMK00024,http://hnkostma.org/emuseum/service/data/evoDataImage_evo.jsp?imageSize=700&data_group=26425&imageCnt=4&title=1864%EB%85%84%20%EA%B3%A0%EC%A0%9C%EC%9D%BC(%E9%AB%98%E6%BF%9F%E9%8E%B0)%20%EC%8B%9C%EA%B6%8C(%E8%A9%A6%E5%88%B8)%202&uci=KCIS_U038+MPNHNKSMC+KSM-XD.1864.1111-20150410.GMK00024
http://hnkostma.org/emuseum/service/data/dataUCI.jsp?data_uci=KCIS_U038+MPNHNKSMC+KSM-XD.1864.1111-20150410.GMK00025,http://hnkostma.org/emuseum/service/data/evoDataImage_evo.jsp?imageSize=700&data_group=26427&imageCnt=5&title=1864%EB%85%84%20%EA%B3%A0%EC%A0%9C%EC%9D%BC(%E9%AB%98%E6%BF%9F%E9%8E%B0)%20%EC%8B%9C%EA%B6%8C(%E8%A9%A6%E5%88%B8)%203&uci=KCIS_U038+MPNHNKSMC+KSM-XD.1864.1111-20150410.GMK00025
http://hnkostma.org/emuseum/service/data/dataUCI.jsp?data_uci=KCIS_U038+CBNHNKSMC+KSM-XD.1638.1111-20140430.NWJSN0227,http://hnkostma.org/emuseum/service/data/evoDataImage_evo.jsp?imageSize=700&data_group=23238&imageCnt=1&title=1638%EB%85%84%20%ED%99%A9%EC%9C%84(%E9%BB%83%E6%9A%90)%20%EC%8B%9C%EA%B6%8C(%E8%A9%A6%E5%88%B8)&uci=KCIS_U038+CBNHNKSMC+KSM-XD.1638.1111-20140430.NWJSN0227
http://hnkostma.org/emuseum/service/data/dataUCI.jsp?data_uci=KCIS_U038+MPNHNKSMC+KSM-XD.1759.4572-20180430.SWJ00038,http://hnkostma.org/emuseum/service/data/evoDataImage_evo.jsp?imageSize=700&data_group=37691&imageCnt=8&title=1759%EB%85%84%20%EC%9C%84%EB%B0%B1%EA%B7%9C(%E9%AD%8F%E4%BC%AF%E7%8F%AA)%20%EC%8B%9C%EA%B6%8C(%E8%A9%A6%E5%88%B8)&uci=KCIS_U038+MPNHNKSMC+KSM-XD.1759.4572-20180430.SWJ00038
http://hnkostma.org/emuseum/service/data/dataUCI.jsp?data_uci=KCIS_U038+MPNHNKSMC+KSM-XD.1764.1111-20180430.SWJ00040,http://hnkostma.org/emuseum/service/data/evoDataImage_evo.jsp?imageSize=700&data_group=37711&imageCnt=4&title=1764%EB%85%84%20%EC%9C%84%EB%B0%B1%EA%B7%9C(%E9%AD%8F%E4%BC%AF%E7%8F%AA)%20%EC%8B%9C%EA%B6%8C(%E8%A9%A6%E5%88%B8)&uci=KCIS_U038+MPNHNKSMC+KSM-XD.1764.1111-20180430.SWJ00040
http://hnkostma.org/emuseum/service/data/dataUCI.jsp?data_uci=KCIS_U038+MPNHNKSMC+KSM-XD.1777.1100-20090708.MOK00022_0,http://hnkostma.org/emuseum/service/data/evoDataImage_evo.jsp?imageSize=700&data_group=4170&imageCnt=6&title=1777%EB%85%84%20%EC%9C%A4%ED%9A%A8%EA%B4%80(%E5%B0%B9%E5%AD%9D%E5%AF%AC)%20%EC%8B%9C%EA%B6%8C(%E8%A9%A6%E5%88%B8)&uci=KCIS_U038+MPNHNKSMC+KSM-XD.1777.1100-20090708.MOK00022_0
http://hnkostma.org/emuseum/service/data/dataUCI.jsp?data_uci=KCIS_U038+MPNHNKSMC+KSM-XD.1777.1100-20090708.MOK00024_0,http://hnkostma.org/emuseum/service/data/evoDataImage_evo.jsp?imageSize=700&data_group=4172&imageCnt=12&title=1777%EB%85%84%20%EC%9C%A4%ED%9A%A8%EA%B4%80(%E5%B0%B9%E5%AD%9D%E5%AF%AC)%20%EC%8B%9C%EA%B6%8C(%E8%A9%A6%E5%88%B8)&uci=KCIS_U038+MPNHNKSMC+KSM-XD.1777.1100-20090708.MOK00024_0
http://hnkostma.org/emuseum/service/data/dataUCI.jsp?data_uci=KCIS_U038+MPNHNKSMC+KSM-XD.1780.4686-20120308.HMJ00001,http://hnkostma.org/emuseum/service/data/evoDataImage_evo.jsp?imageSize=700&data_group=14561&imageCnt=2&title=1780%EB%85%84%20%EB%AA%A8%EB%8B%AC%EA%B2%B8(%E7%89%9F%E9%81%94%E5%85%BC)%20%EC%8B%9C%EA%B6%8C(%E8%A9%A6%E5%88%B8)&uci=KCIS_U038+MPNHNKSMC+KSM-XD.1780.4686-20120308.HMJ00001
http://hnkostma.org/emuseum/service/data/dataUCI.jsp?data_uci=KCIS_U038+MPNHNKSMC+KSM-XD.1783.0000-20160415.HGS00030,http://hnkostma.org/emuseum/service/data/evoDataImage_evo.jsp?imageSize=700&data_group=31392&imageCnt=1&title=1783%EB%85%84%20%EC%B5%9C%EC%8B%9C%ED%83%9D(%E5%B4%94%E6%99%82%E6%BE%A4)%20%EC%8B%9C%EA%B6%8C(%E8%A9%A6%E5%88%B8)&uci=KCIS_U038+MPNHNKSMC+KSM-XD.1783.0000-20160415.HGS00030
http://hnkostma.org/emuseum/service/data/dataUCI.jsp?data_uci=KCIS_U038+MPNHNKSMC+KSM-XD.1788.1111-20160415.HGS00033,http://hnkostma.org/emuseum/service/data/evoDataImage_evo.jsp?imageSize=700&data_group=31395&imageCnt=1&title=1788%EB%85%84%20%EC%B5%9C%EC%8B%9C%ED%83%9D(%E5%B4%94%E6%99%82%E6%BE%A4)%20%EC%8B%9C%EA%B6%8C(%E8%A9%A6%E5%88%B8)%20&uci=KCIS_U038+MPNHNKSMC+KSM-XD.1788.1111-20160415.HGS00033
http://hnkostma.org/emuseum/service/data/dataUCI.jsp?data_uci=KCIS_U038+MPNHNKSMC+KSM-XD.1792.1111-20160415.HGS00034,http://hnkostma.org/emuseum/service/data/evoDataImage_evo.jsp?imageSize=700&data_group=31396&imageCnt=1&title=1792%EB%85%84%20%EC%B5%9C%EC%8B%9C%ED%83%9D(%E5%B4%94%E6%99%82%E6%BE%A4)%20%EC%8B%9C%EA%B6%8C(%E8%A9%A6%E5%88%B8)%20&uci=KCIS_U038+MPNHNKSMC+KSM-XD.1792.1111-20160415.HGS00034
http://hnkostma.org/emuseum/service/data/dataUCI.jsp?data_uci=KCIS_U038+MPNHNKSMC+KSM-XD.1800.0000-20160415.HGS00035,http://hnkostma.org/emuseum/service/data/evoDataImage_evo.jsp?imageSize=700&data_group=31397&imageCnt=1&title=1800%EB%85%84%20%EC%B5%9C%EC%8B%9C%ED%83%9D(%E5%B4%94%E6%99%82%E6%BE%A4)%20%EC%8B%9C%EA%B6%8C(%E8%A9%A6%E5%88%B8)%20&uci=KCIS_U038+MPNHNKSMC+KSM-XD.1800.0000-20160415.HGS00035
http://hnkostma.org/emuseum/service/data/dataUCI.jsp?data_uci=KCIS_U038+MPNHNKSMC+KSM-XD.1801.0000-20160415.GKY00044,http://hnkostma.org/emuseum/service/data/evoDataImage_evo.jsp?imageSize=700&data_group=31385&imageCnt=4&title=1801%EB%85%84%20%EA%B9%80%EC%9E%AC%EB%B0%95(%E9%87%91%E5%9C%A8%E5%8D%9A)%20%EC%8B%9C%EA%B6%8C(%E8%A9%A6%E5%88%B8)&uci=KCIS_U038+MPNHNKSMC+KSM-XD.1801.0000-20160415.GKY00044
http://hnkostma.org/emuseum/service/data/dataUCI.jsp?data_uci=KCIS_U038+MPNHNKSMC+KSM-XD.1804.0000-20160415.GKY00045,http://hnkostma.org/emuseum/service/data/evoDataImage_evo.jsp?imageSize=700&data_group=31386&imageCnt=3&title=1804%EB%85%84%20%EA%B9%80%EC%9E%AC%EB%B0%95(%E9%87%91%E5%9C%A8%E5%8D%9A)%20%EC%8B%9C%EA%B6%8C(%E8%A9%A6%E5%88%B8)%20&uci=KCIS_U038+MPNHNKSMC+KSM-XD.1804.0000-20160415.GKY00045
http://hnkostma.org/emuseum/service/data/dataUCI.jsp?data_uci=KCIS_U038+MPNHNKSMC+KSM-XD.1813.1100-20120427.HMJ00003,http://hnkostma.org/emuseum/service/data/evoDataImage_evo.jsp?imageSize=700&data_group=17180&imageCnt=2&title=1813%EB%85%84%20%EB%AA%A8%EC%9D%91%EC%82%BC(%E7%89%9F%E6%87%89%E4%B8%89)%20%EC%8B%9C%EA%B6%8C(%E8%A9%A6%E5%88%B8)&uci=KCIS_U038+MPNHNKSMC+KSM-XD.1813.1100-20120427.HMJ00003
http://hnkostma.org/emuseum/service/data/dataUCI.jsp?data_uci=KCIS_U038+MPNHNKSMC+KSM-XD.1818.4683-20110211.YKS00001,http://hnkostma.org/emuseum/service/data/evoDataImage_evo.jsp?imageSize=700&data_group=10661&imageCnt=2&title=1818%EB%85%84%20%EA%B9%80%EC%A4%91%EB%A1%9D(%EF%A4%8A%E9%87%8D%E7%A5%BF)%20%EC%8B%9C%EA%B6%8C(%E8%A9%A6%E5%88%B8)&uci=KCIS_U038+MPNHNKSMC+KSM-XD.1818.4683-20110211.YKS00001
http://hnkostma.org/emuseum/service/data/dataUCI.jsp?data_uci=KCIS_U038+MPNHNKSMC+KSM-XD.1830.0000-20150410.GMK00019,http://hnkostma.org/emuseum/service/data/evoDataImage_evo.jsp?imageSize=700&data_group=26417&imageCnt=3&title=1830%EB%85%84%20%EA%B3%A0%EC%84%B1%EC%A7%84(%E9%AB%98%E6%80%A7%E9%8E%AD)%20%EC%8B%9C%EA%B6%8C(%E8%A9%A6%E5%88%B8)&uci=KCIS_U038+MPNHNKSMC+KSM-XD.1830.0000-20150410.GMK00019
http://hnkostma.org/emuseum/service/data/dataUCI.jsp?data_uci=KCIS_U038+MPNHNKSMC+KSM-XD.1836.0000-20150410.GMK00020,http://hnkostma.org/emuseum/service/data/evoDataImage_evo.jsp?imageSize=700&data_group=26419&imageCnt=2&title=1836%EB%85%84%20%EA%B3%A0%EC%84%B1%EC%A7%84(%E9%AB%98%E6%80%A7%E9%8E%AD)%20%EC%8B%9C%EA%B6%8C(%E8%A9%A6%E5%88%B8)&uci=KCIS_U038+MPNHNKSMC+KSM-XD.1836.0000-20150410.GMK00020
http://hnkostma.org/emuseum/service/data/dataUCI.jsp?data_uci=KCIS_U038+CBNHNKSMC+KSM-XD.1882.1111-20180430.BAKDH00029,http://hnkostma.org/emuseum/service/data/evoDataImage_evo.jsp?imageSize=700&data_group=38201&imageCnt=2&title=1882%EB%85%84%20%EA%B9%80%ED%97%8C%EC%A0%9C(%EF%A4%8A%E6%AB%B6%E6%BF%9F)%20%EC%8B%9C%EA%B6%8C(%E8%A9%A6%E5%88%B8)&uci=KCIS_U038+CBNHNKSMC+KSM-XD.1882.1111-20180430.BAKDH00029
http://hnkostma.org/emuseum/service/data/dataUCI.jsp?data_uci=KCIS_U038+CBNHNKSMC+KSM-XD.1891.4577-20180430.JEKSW00012,http://hnkostma.org/emuseum/service/data/evoDataImage_evo.jsp?imageSize=700&data_group=37142&imageCnt=5&title=1891%EB%85%84%20%EA%B9%80%ED%99%98%EA%B7%9C(%EF%A4%8A%E7%85%A5%E5%9C%AD)%20%EC%8B%9C%EA%B6%8C(%E8%A9%A6%E5%88%B8)&uci=KCIS_U038+CBNHNKSMC+KSM-XD.1891.4577-20180430.JEKSW00012
http://hnkostma.org/emuseum/service/data/dataUCI.jsp?data_uci=KCIS_U038+MPNHNKSMC+KSM-XD.1842.4683-20110208.KOC00003,http://hnkostma.org/emuseum/service/data/evoDataImage_evo.jsp?imageSize=700&data_group=11590&imageCnt=2&title=1842%EB%85%84%20%EC%98%A4%EA%B2%BD%EB%A6%AC(%E5%90%B3%E6%85%B6%E5%B1%A5)%20%EC%8B%9C%EA%B6%8C(%E8%A9%A6%E5%88%B8)%20&uci=KCIS_U038+MPNHNKSMC+KSM-XD.1842.4683-20110208.KOC00003
http://hnkostma.org/emuseum/service/data/dataUCI.jsp?data_uci=KCIS_U038+MPNHNKSMC+KSM-XD.1849.1100-20110208.KOC00006,http://hnkostma.org/emuseum/service/data/evoDataImage_evo.jsp?imageSize=700&data_group=10704&imageCnt=2&title=1849%EB%85%84%20%EC%98%A4%EA%B2%BD%EB%A6%AC(%E5%90%B3%E6%85%B6%E5%B1%A5)%20%EC%8B%9C%EA%B6%8C(%E8%A9%A6%E5%88%B8)%20&uci=KCIS_U038+MPNHNKSMC+KSM-XD.1849.1100-20110208.KOC00006
http://hnkostma.org/emuseum/service/data/dataUCI.jsp?data_uci=KCIS_U038+MPNHNKSMC+KSM-XD.1849.4683-20110208.KOC00004,http://hnkostma.org/emuseum/service/data/evoDataImage_evo.jsp?imageSize=700&data_group=10698&imageCnt=2&title=1849%EB%85%84%20%EC%98%A4%EA%B2%BD%EB%A6%AC(%E5%90%B3%E6%85%B6%E5%B1%A5)%20%EC%8B%9C%EA%B6%8C(%E8%A9%A6%E5%88%B8)&uci=KCIS_U038+MPNHNKSMC+KSM-XD.1849.4683-20110208.KOC00004
http://hnkostma.org/emuseum/service/data/dataUCI.jsp?data_uci=KCIS_U038+MPNHNKSMC+KSM-XD.1855.4683-20100606.YYS00001,http://hnkostma.org/emuseum/service/data/evoDataImage_evo.jsp?imageSize=700&data_group=9753&imageCnt=1&title=1855%EB%85%84%20%EC%9C%A4%EA%B8%B0%ED%98%B8(%E5%B0%B9%E7%A5%BA%E9%8E%AC)%20%EC%8B%9C%EA%B6%8C(%E8%A9%A6%E5%88%B8)%20&uci=KCIS_U038+MPNHNKSMC+KSM-XD.1855.4683-20100606.YYS00001
http://hnkostma.org/emuseum/service/data/dataUCI.jsp?data_uci=KCIS_U038+MPNHNKSMC+KSM-XD.1861.0000-20160415.HGS00036,http://hnkostma.org/emuseum/service/data/evoDataImage_evo.jsp?imageSize=700&data_group=31398&imageCnt=1&title=1861%EB%85%84%20%EC%B5%9C%EB%B3%91%EC%9D%BC(%E5%B4%94%E7%82%B3%E4%B8%80)%20%EC%8B%9C%EA%B6%8C(%E8%A9%A6%E5%88%B8)%20&uci=KCIS_U038+MPNHNKSMC+KSM-XD.1861.0000-20160415.HGS00036
http://hnkostma.org/emuseum/service/data/dataUCI.jsp?data_uci=KCIS_U038+MPNHNKSMC+KSM-XD.1864.4687-20090726.YNE00015_0,http://hnkostma.org/emuseum/service/data/evoDataImage_evo.jsp?imageSize=700&data_group=4702&imageCnt=2&title=1864%EB%85%84%20%EC%9D%B4%EC%9D%91%EC%88%9C(%EF%A7%A1%E8%86%BA%E7%B4%94)%20%EC%8B%9C%EA%B6%8C(%E8%A9%A6%E5%88%B8)&uci=KCIS_U038+MPNHNKSMC+KSM-XD.1864.4687-20090726.YNE00015_0
http://hnkostma.org/emuseum/service/data/dataUCI.jsp?data_uci=KCIS_U038+MPNHNKSMC+KSM-XD.1865.4511-20110208.KOC00007,http://hnkostma.org/emuseum/service/data/evoDataImage_evo.jsp?imageSize=700&data_group=10705&imageCnt=2&title=1865%EB%85%84%20%EC%98%A4%ED%98%84%EB%B9%88(%E5%90%B3%E9%A1%AF%E5%BD%AC)%20%EC%8B%9C%EA%B6%8C(%E8%A9%A6%E5%88%B8)&uci=KCIS_U038+MPNHNKSMC+KSM-XD.1865.4511-20110208.KOC00007
http://hnkostma.org/emuseum/service/data/dataUCI.jsp?data_uci=KCIS_U038+MPNHNKSMC+KSM-XD.1865.4687-20090726.YNE00016_0,http://hnkostma.org/emuseum/service/data/evoDataImage_evo.jsp?imageSize=700&data_group=4705&imageCnt=2&title=1865%EB%85%84%20%EC%9D%B4%EC%9D%91%EC%88%9C(%EF%A7%A1%E8%86%BA%E7%B4%94)%20%EC%8B%9C%EA%B6%8C(%E8%A9%A6%E5%88%B8)&uci=KCIS_U038+MPNHNKSMC+KSM-XD.1865.4687-20090726.YNE00016_0
http://hnkostma.org/emuseum/service/data/dataUCI.jsp?data_uci=KCIS_U038+MPNHNKSMC+KSM-XD.1865.4687-20090726.YNE00017_0,http://hnkostma.org/emuseum/service/data/evoDataImage_evo.jsp?imageSize=700&data_group=4708&imageCnt=2&title=1865%EB%85%84%20%EC%9D%B4%EC%9D%91%EC%88%9C(%EF%A7%A1%E8%86%BA%E7%B4%94)%20%EC%8B%9C%EA%B6%8C(%E8%A9%A6%E5%88%B8)&uci=KCIS_U038+MPNHNKSMC+KSM-XD.1865.4687-20090726.YNE00017_0
http://hnkostma.org/emuseum/service/data/dataUCI.jsp?data_uci=KCIS_U038+MPNHNKSMC+KSM-XD.1866.0000-20150410.GMK00026,http://hnkostma.org/emuseum/service/data/evoDataImage_evo.jsp?imageSize=700&data_group=26429&imageCnt=4&title=1866%EB%85%84%20%EA%B3%A0%EC%9D%B5%EC%A3%BC(%E9%AB%98%E7%BF%BC%E6%9F%B1)%20%EC%8B%9C%EA%B6%8C(%E8%A9%A6%E5%88%B8)&uci=KCIS_U038+MPNHNKSMC+KSM-XD.1866.0000-20150410.GMK00026
http://hnkostma.org/emuseum/service/data/dataUCI.jsp?data_uci=KCIS_U038+MPNHNKSMC+KSM-XD.1866.4687-20090726.YNE00018_0,http://hnkostma.org/emuseum/service/data/evoDataImage_evo.jsp?imageSize=700&data_group=4700&imageCnt=2&title=1866%EB%85%84%20%EC%9D%B4%EC%B2%A0%EC%9D%98(%EF%A7%A1%E5%93%B2%E5%84%80)%20%EC%8B%9C%EA%B6%8C(%E8%A9%A6%E5%88%B8)&uci=KCIS_U038+MPNHNKSMC+KSM-XD.1866.4687-20090726.YNE00018_0
http://hnkostma.org/emuseum/service/data/dataUCI.jsp?data_uci=KCIS_U038+MPNHNKSMC+KSM-XD.1869.0000-20150410.GMK00027,http://hnkostma.org/emuseum/service/data/evoDataImage_evo.jsp?imageSize=700&data_group=26431&imageCnt=6&title=1869%EB%85%84%20%EA%B3%A0%EC%84%9D%EC%A3%BC(%E9%AB%98%E7%A2%A9%E6%9F%B1)%20%EC%8B%9C%EA%B6%8C(%E8%A9%A6%E5%88%B8)&uci=KCIS_U038+MPNHNKSMC+KSM-XD.1869.0000-20150410.GMK00027
http://hnkostma.org/emuseum/service/data/dataUCI.jsp?data_uci=KCIS_U038+MPNHNKSMC+KSM-XD.1869.4687-20090726.YNE00002_0,http://hnkostma.org/emuseum/service/data/evoDataImage_evo.jsp?imageSize=700&data_group=4712&imageCnt=2&title=1869%EB%85%84%20%EC%9D%B4%EC%A4%80%EC%9D%98(%EF%A7%A1%E6%BA%96%E5%84%80)%20%EC%8B%9C%EA%B6%8C(%E8%A9%A6%E5%88%B8)&uci=KCIS_U038+MPNHNKSMC+KSM-XD.1869.4687-20090726.YNE00002_0
http://hnkostma.org/emuseum/service/data/dataUCI.jsp?data_uci=KCIS_U038+MPNHNKSMC+KSM-XD.1879.4687-20090726.YNE00010_0,http://hnkostma.org/emuseum/service/data/evoDataImage_evo.jsp?imageSize=700&data_group=4723&imageCnt=2&title=1879%EB%85%84%20%EC%9D%B4%EC%A4%80%EC%9D%98(%EF%A7%A1%E6%BA%96%E5%84%80)%20%EC%8B%9C%EA%B6%8C(%E8%A9%A6%E5%88%B8)&uci=KCIS_U038+MPNHNKSMC+KSM-XD.1879.4687-20090726.YNE00010_0
http://hnkostma.org/emuseum/service/data/dataUCI.jsp?data_uci=KCIS_U038+MPNHNKSMC+KSM-XD.1880.1111-20150410.GMK00028,http://hnkostma.org/emuseum/service/data/evoDataImage_evo.jsp?imageSize=700&data_group=26433&imageCnt=4&title=1880%EB%85%84%20%EA%B3%A0%EC%98%81%EC%A3%BC(%E9%AB%98%E6%A6%AE%E6%9F%B1)%20%EC%8B%9C%EA%B6%8C(%E8%A9%A6%E5%88%B8)&uci=KCIS_U038+MPNHNKSMC+KSM-XD.1880.1111-20150410.GMK00028
http://hnkostma.org/emuseum/service/data/dataUCI.jsp?data_uci=KCIS_U038+MPNHNKSMC+KSM-XD.1880.4687-20090726.YNE00011_0,http://hnkostma.org/emuseum/service/data/evoDataImage_evo.jsp?imageSize=700&data_group=4711&imageCnt=2&title=1880%EB%85%84%20%EC%9D%B4%EC%A4%80%EC%9D%98(%EF%A7%A1%E6%BA%96%E5%84%80)%20%EC%8B%9C%EA%B6%8C(%E8%A9%A6%E5%88%B8)&uci=KCIS_U038+MPNHNKSMC+KSM-XD.1880.4687-20090726.YNE00011_0
http://hnkostma.org/emuseum/service/data/dataUCI.jsp?data_uci=KCIS_U038+MPNHNKSMC+KSM-XD.1881.4687-20090726.YNE00012_0,http://hnkostma.org/emuseum/service/data/evoDataImage_evo.jsp?imageSize=700&data_group=4707&imageCnt=2&title=1881%EB%85%84%20%EC%9D%B4%EC%A4%80%EC%9D%98(%EF%A7%A1%E6%BA%96%E5%84%80)%20%EC%8B%9C%EA%B6%8C(%E8%A9%A6%E5%88%B8)&uci=KCIS_U038+MPNHNKSMC+KSM-XD.1881.4687-20090726.YNE00012_0
