person_id,name_question
0,1795년_식년시대과_초시_문제
1,1393년_식년시소과_진사_문제
2,1393년_식년시소과_생원_문제
3,1396년_식년시소과_생원_문제
4,1399년_식년시소과_생원_문제
5,1399년_식년시소과_진사_문제
6,1401년_증광시소과_생원_문제
7,1402년_식년시소과_생원_문제
8,1405년_식년시소과_생원_문제
9,1408년_식년시소과_생원_문제
10,1411년_식년시소과_생원_문제
11,1414년_식년시소과_생원_초시
12,1414년_식년시소과_생원_복시
13,1417년_식년시소과_생원_문제
14,1419년_증광시소과_생원_문제
15,1420년_식년시소과_생원_문제
16,1423년_식년시소과_생원_문제
17,1426년_식년시소과_생원_문제
18,1429년_식년시소과_생원_문제
19,1432년_식년시소과_생원_문제
20,1435년_식년시소과_생원_문제
21,1438년_식년시소과_진사_문제
22,1438년_식년시소과_생원_문제
23,1441년_식년시소과_진사_문제
24,1441년_식년시소과_생원_문제
25,1393년_식년시대과_전시_문제
26,1396년_식년시대과_전시_문제
27,1399년_식년시대과_전시_문제
28,1401년_증광시대과_복시(전시)_문제
29,1402년_식년시대과_복시_문제
30,1402년_식년시대과_복시(전시)_문제
31,1405년_식년시대과_복시_문제
32,1405년_식년시대과_전시_문제
33,1407년_중시_문제
34,1408년_식년시대과_복시(전시)_문제
35,1411년_식년시대과_복시_문제
36,1411년_식년시대과_전시_문제
37,1414년_식년시대과_전시_문제
38,1414년_알성시_문제
39,1416년_별시대과_초시_문제
40,1416년_별시대과_전시_문제
41,1416년_중시_문제
42,1417년_식년시대과_복시_문제
43,1417년_식년시대과_복시(전시)_문제
44,1419년_증광시대과_복시_문제
45,1419년_증광시대과_전시_문제
46,1420년_식년시대과_복시_문제
47,1420년_식년시대과_복시(전시)_문제
48,1423년_식년시대과_복시_문제
49,1423년_식년시대과_전시_문제
50,1426년_식년시대과_전시_문제
51,1427년_중시_문제
52,1427년_별시대과_문제
53,1429년_식년시대과_전시_문제
54,1429년_알성시_문제
55,1432년_식년시대과_전시_문제
56,1434년_알성시_문제
57,1435년_식년시대과_전시_문제
58,1436년_중시_문제
59,1436년_별시대과_문제
60,1438년_식년시대과_전시_문제
61,1439년_별시대과_전시_문제
62,1441년_식년시대과_전시_문제
63,1442년_별시대과_문제
64,1444년_식년시대과_전시_문제
65,1447년_식년시소과_생원_문제
66,1450년_식년시소과_생원_문제
67,1451년_증광시소과_생원_문제
68,1453년_증광시소과_생원_문제
69,1453년_증광시소과_진사_문제
70,1453년_식년시소과_생원_문제
71,1453년_식년시소과_진사_문제
72,1456년_식년시소과_생원_문제
73,1456년_식년시소과_진사_문제
74,1459년_식년시소과_생원_문제
75,1459년_식년시소과_진사_문제
76,1462년_식년시소과_생원_문제
77,1462년_식년시소과_진사_문제
78,1465년_식년시소과_생원_문제
79,1465년_식년시소과_진사_문제
80,1468년_식년시소과_생원_문제
81,1468년_식년시소과_진사_문제
82,1469년_증광시소과_생원_문제
83,1469년_증광시소과_진사_문제
84,1472년_식년시소과_생원_문제
85,1472년_식년시소과_진사_문제
86,1474년_식년시소과_생원_문제
87,1474년_식년시소과_진사_문제
88,1477년_식년시소과_생원_문제
89,1477년_식년시소과_진사_문제
90,1480년_식년시소과_생원_문제
91,1480년_식년시소과_진사_문제
92,1483년_식년시소과_생원_문제
93,1483년_식년시소과_진사_문제
94,1486년_식년시소과_생원_문제
95,1486년_식년시소과_진사_문제
96,1489년_식년시소과_생원_문제
97,1489년_식년시소과_진사_문제
98,1492년_식년시소과_생원_문제
99,1492년_식년시소과_진사_문제
100,1447년_식년시대과_전시_문제
101,1447년_중시_전시_문제
102,1447년_친시대과_전시_문제
103,1450년_식년시대과_전시_문제
104,1451년_증광시대과_전시_문제
105,1453년_증광시대과_전시_문제
106,1453년_식년시대과_전시_문제
107,1454년_알성시대과_전시_문제
108,1456년_식년시대과_전시_문제
109,1457년_알성시대과_전시_문제
110,1457년_중시_전시_문제
111,1457년_별시대과_전시_문제
112,1458년_알성시대과_전시_문제
113,1459년_식년시대과_전시_문제
114,1460년_춘당대시대과_전시_문제
115,1460년_별시대과_전시_문제
116,1460년_평양별시대과_전시
117,1461년_별시대과_전시_문제
118,1462년_알성시대과_전시_문제
119,1462년_식년시대과_전시_문제
120,1464년_온양별시대과_전시_문제
121,1465년_식년시대과_전시_문제
122,1465년_별시대과_전시_문제
123,1466년_알성시대과_전시_문제
124,1466년_중시_전시_문제
125,1466년_고성별시대과_전시_문제
126,1466년_발영시대과_전시_문제
127,1466년_등준시대과_전시_문제
128,1468년_온양별시대과_전시_문제
129,1468년_중시_전시_문제
130,1468년_식년시대과_전시_문제
131,1469년_증광시대과_전시_문제
132,1470년_별시대과_전시_문제
133,1471년_별시대과_전시_문제
134,1472년_식년시대과_전시_문제
135,1474년_식년시대과_전시_문제
136,1475년_알성시대과_전시_문제
137,1476년_별시대과_전시_문제
138,1476년_중시_전시_문제
139,1477년_식년시대과_전시_문제
140,1477년_알성시대과_전시_문제
141,1478년_친시대과_전시_문제
142,1479년_별시대과_전시_문제
143,1479년_중시_전시_문제
144,1480년_알성시대과_전시_문제
145,1480년_식년시대과_전시_문제
146,1481년_친시대과_전시_문제
147,1482년_알성시대과_전시_문제
148,1482년_진현시대과_전시_문제
149,1483년_식년시대과_전시_문제
150,1485년_알성시대과_전시_문제
151,1486년_식년시대과_전시_문제
152,1486년_중시_전시_문제
153,1487년_별시대과_전시_문제
154,1488년_알성시대과_전시_문제
155,1489년_식년시대과_전시_문제
156,1490년_별시대과_전시_문제
157,1491년_별시대과_전시_문제
158,1492년_식년시대과_전시_문제
159,1492년_별시대과_전시_문제
160,1494년_별시대과_전시_문제
161,1495년_증광시소과_문제
162,1495년_증광시대과_문제
163,1496년_식년시소과_문제
164,1496년_식년시대과_문제
165,1497년_별시대과_문제
166,1497년_중시대과_문제
167,1498년_식년시소과_문제
168,1498년_식년시대과_문제
169,1498년_별시대과_전시_문제
170,1501년_식년시소과_문제
171,1501년_식년시대과_문제
172,1502년_알성시대과_문제
173,1503년_별시대과_문제
174,1504년_식년시소과_초시_문제
175,1504년_별시대과_초시_문제
176,1504년_식년시대과_초시_문제
177,1504년_별시2대과_초시_문제
178,1506년_별시대과_전시_문제
179,1507년_증광시소과_초시_문제
180,1507년_증광시대과_초시_문제
181,1507년_식년시소과_초시_문제
182,1507년_식년시대과_초시_문제
183,1507년_중시대과_초시_문제
184,1508년_소과_문제_문제
185,1508년_알성시대과_문제
186,1509년_별시대과_문제
187,1510년_식년시소과_문제
188,1510년_식년시대과_문제
189,1511년_별시대과_전시_문제
190,1513년_별시대과_전시_문제
191,1513년_식년시소과_전시_문제
192,1514년_알성시대과_문제
193,1514년_별시대과_문제
194,1515년_알성시대과_문제
195,1516년_식년시소과_문제
196,1516년_식년시대과_문제
197,1516년_별시대과_문제
198,1516년_중시대과_문제
199,1517년_별시대과_문제
200,1519년_식년시소과_복시_문제
201,1519년_식년시대과_문제
202,1519년_현량과대과_문제
203,1519년_별시대과_문제
204,1520년_별시대과_전시_문제
205,1521년_별시대과_문제
206,1522년_식년시소과_초시_문제
207,1522년_식년시대과_초시_문제
208,1522년_별시대과_초시_문제
209,1523년_알성시대과_문제
210,1524년_별시대과_초시_문제
211,1525년_식년시소과_초시_문제
212,1525년_식년시대과_초시_문제
213,1526년_별시대과_전시_문제
214,1526년_중시대과_전시_문제
215,1528년_식년시소과_문제
216,1528년_별시대과_초시_문제
217,1528년_식년시대과_문제
218,1528년_별시대과_전시_문제
219,1531년_식년시소과_복시_문제
220,1531년_식년시대과_문제
221,1532년_별시대과_초시_문제
222,1532년_별시2대과_문제
223,1533년_별시대과_전시_문제
224,1533년_별시대과_문제
225,1534년_식년시소과_초시_문제
226,1534년_식년시대과_초시_문제
227,1534년_알성시대과_초시_문제
228,1535년_별시대과_문제
229,1535년_알성시대과_문제
230,1535년_개성별시대과_문제
231,1536년_별시대과_초시_문제
232,1536년_중시대과_초시_문제
233,1536년_친시대과_초시_문제
234,1537년_식년시소과_문제
235,1537년_식년시대과_문제
236,1537년_별시대과_문제
237,1538년_알성시대과_초시_문제
238,1538년_별시대과_초시_문제
239,1538년_탁영시대과_초시_문제
240,1539년_별시대과_문제
241,1539년_별시2대과_문제
242,1540년_식년시소과_문제
243,1540년_식년시대과_문제
244,1540년_별시대과_문제
245,1541년_알성시대과_문제
246,1542년_정시대과_문제
247,1543년_식년시소과_문제
248,1543년_식년시대과_문제
249,1544년_별시대과_문제
250,1546년_증광시소과_전시_문제
251,1546년_증광시대과_전시_문제
252,1546년_식년시소과_전시_문제
253,1546년_식년시대과_전시_문제
254,1546년_중시대과_전시_문제
255,1547년_알성시대과_전시_문제
256,1548년_별시대과_전시_문제
257,1549년_식년시소과_문제
258,1549년_식년시대과_문제
259,1551년_알성시대과_문제
260,1552년_식년시소과_복시_문제
261,1552년_식년시대과_문제
262,1553년_별시대과_문제
263,1553년_친시대과_문제
264,1555년_식년시소과_전시_문제
265,1555년_식년시대과_문제
266,1556년_별시대과_전시_문제
267,1556년_중시대과_전시_문제
268,1556년_알성시대과_문제
269,1558년_별시대과_문제
270,1558년_식년시소과_문제
271,1558년_식년시대과_문제
272,1559년_정시대과_전시_문제
273,1559년_정시대과전_문제
274,1560년_별시대과_문제
275,1561년_식년시대과_전시_문제
276,1561년_식년시소과_전시_문제
277,1562년_별시대과_문제
278,1563년_정시소과_문제
279,1563년_알성시대과_문제
280,1564년_식년시소과_복시_문제
281,1564년_식년시대과_문제
282,1564년_별시대과_문제
283,1565년_알성시대과_문제
284,1566년_별시대과_문제
285,1566년_중시대과_문제
286,1567년_식년시소과_문제
287,1567년_식년시대과_문제
288,1568년_증광시소과_문제
289,1568년_증광시대과_문제
290,1569년_정시소과_문제
291,1569년_알성시대과_문제
292,1569년_별시대과_문제
293,1570년_식년시소과_문제
294,1570년_식년시대과_문제
295,1572년_춘당대시대과_문제
296,1572년_별시대과_문제
297,1572년_별시2대과_초시_문제
298,1573년_식년시소과_초시_문제
299,1573년_식년시대과_전시_문제
300,1573년_알성시대과_문제
301,1574년_별시대과_문제
302,1576년_식년시소과_문제
303,1576년_식년시대과_문제
304,1576년_별시대과_복시_문제
305,1576년_중시대과_문제
306,1577년_알성시대과_문제
307,1577년_별시대과_문제
308,1579년_식년시소과_초시_문제
309,1579년_식년시대과_전시_문제
310,1580년_알성시대과_문제
311,1580년_별시대과_전시_문제
312,1582년_식년시소과_문제
313,1582년_식년시대과_전시
314,1583년_정시소과_문제
315,1583년_알성시대과_문제
316,1583년_별시대과_초시_문제
317,1583년_정시대과_문제
318,1584년_정시소과_문제
319,1584년_친시대과_문제
320,1584년_별시대과_초시_문제
321,1585년_식년시소과_복시_문제
322,1585년_식년시대과_문제
323,1585년_별시대과_문제
324,1586년_알성시대과_문제
325,1586년_별시대과_전시_문제
326,1586년_중시대과_문제
327,1588년_식년시소과_복시_문제
328,1588년_식년시대과_문제
329,1588년_알성시대과_문제
330,1589년_증광시소과_복시_문제
331,1589년_증광시대과_문제
332,1590년_증광시대과_문제
333,1590년_증광시소과_문제
334,1591년_식년시소과_문제
335,1591년_식년시대과_전시_문제
336,1591년_별시대과_문제
337,1592년_용만별시대과_문제
338,1593년_전주별시대과_문제
339,1594년_정시대과_문제
340,1594년_정시2대과_문제
341,1594년_별시대과_문제
342,1595년_해주별시대과_전시_문제
343,1595년_별시대과_전시_문제
344,1596년_정시대과_전시_문제
345,1597년_별시대과_전시_문제
346,1597년_중시대과_전시_문제
347,1597년_정시대과_전시_문제
348,1597년_알성시대과_전시_문제
349,1599년_정시대과_전시_문제
350,1599년_별시대과_전시_문제
351,1600년_별시대과_전시_문제
352,1601년_식년시소과_초시_문제
353,1601년_식년시소과_복시_문제
354,1601년_식년시대과_전시_문제
355,1602년_알성시대과_전시_문제
356,1602년_별시대과_전시_문제
357,1603년_정시대과_전시_문제
358,1603년_식년시대과_복시_문제
359,1603년_식년시소과_초시_문제
360,1603년_식년시소과_복시_문제
361,1605년_증광시소과_초시_문제
362,1605년_증광시소과_복시_문제
363,1605년_증광시대과_복시_문제
364,1605년_정시대과_전시_문제
365,1605년_별시대과_전시_문제
366,1606년_식년시대과_전시_문제
367,1606년_증광시대과_전시_문제
368,1606년_증광시소과_초시_문제
369,1606년_증광시소과_복시_문제
370,1606년_식년시소과_초시_문제
371,1606년_식년시소과_복시_문제
372,1608년_별시대과_전시_문제
373,1608년_중시대과_전시_문제
374,1609년_증광시소과_초시_문제
375,1609년_증광시소과_복시_문제
376,1609년_증광시대과_전시_문제
377,1610년_식년시소과_초시_문제
378,1610년_식년시소과_복시_문제
379,1610년_식년시대과_전시_문제
380,1610년_알성시대과_전시_문제
381,1610년_별시대과_전시_문제
382,1611년_별시대과_전시_문제
383,1612년_식년시소과_초시_문제
384,1612년_식년시소과_복시_문제
385,1612년_식년시대과_전시_문제
386,1612년_증광시소과_초시_문제
387,1612년_증광시소과_복시_문제
388,1612년_증광시대과_전시_문제
389,1613년_알성시대과_전시_문제
390,1613년_증광시소과_초시_문제
391,1613년_증광시소과_복시_문제
392,1613년_증광시대과_전시_문제
393,1614년_전주별시대과_전시_문제
394,1615년_식년시소과_초시_문제
395,1615년_식년시소과_복시_문제
396,1615년_식년시대과_전시_문제
397,1615년_알성시대과_전시_문제
398,1616년_증광시소과_초시_문제
399,1616년_증광시소과_복시_문제
400,1616년_증광시대과_전시_문제
401,1616년_알성시대과_전시_문제
402,1616년_중시대과_전시_문제
403,1616년_별시대과_전시_문제
404,1617년_알성시대과_전시_문제
405,1617년_증광시소과_초시_문제
406,1617년_증광시소과_복시_문제
407,1618년_정시대과_전시_문제
408,1618년_식년시소과_초시_문제
409,1618년_식년시소과_복시_문제
410,1618년_증광시대과_전시_문제
411,1619년_수원개성별시대과_전시_문제
412,1619년_알성시대과_전시_문제
413,1619년_정시대과_전시_문제
414,1620년_정시대과_전시_문제
415,1621년_정시대과_전시_문제
416,1621년_알성시대과_전시_문제
417,1621년_별시대과_전시_문제
418,1623년_알성시대과_전시_문제
419,1623년_정시대과_전시_문제
420,1623년_개시대과_전시_문제
421,1624년_공주정시대과_전시_문제
422,1624년_별시대과_전시_문제
423,1624년_증광시소과_초시_문제
424,1624년_증광시소과_복시_문제
425,1624년_증광시대과_전시_문제
426,1624년_식년시소과_초시_문제
427,1624년_식년시소과_복시_문제
428,1624년_알성시대과_전시_문제
429,1624년_식년시대과_전시_문제
430,1625년_별시대과_전시_문제
431,1626년_별시대과_전시_문제
432,1626년_정시대과_전시_문제
433,1626년_중시대과_전시_문제
434,1627년_전주별시대과_전시_문제
435,1627년_강화정시대과_전시_문제
436,1627년_정시대과_전시_문제
437,1627년_식년시소과_초시_문제
438,1627년_식년시소과_복시_문제
439,1627년_식년시대과_전시_문제
440,1628년_별시대과_전시_문제
441,1628년_알성시대과_전시_문제
442,1629년_별시대과_전시_문제
443,1629년_정시대과_전시_문제
444,1630년_식년시소과_초시_문제
445,1630년_식년시소과_복시_문제
446,1630년_식년시대과_전시_문제
447,1630년_별시대과_전시_문제
448,1631년_별시대과_전시_문제
449,1632년_알성시대과_전시_문제
450,1633년_증광시소과_초시_문제
451,1633년_증광시소과_복시_문제
452,1633년_증광시대과_전시_문제
453,1633년_식년시소과_초시_문제
454,1633년_식년시소과_복시_문제
455,1633년_식년시대과_전시_문제
456,1634년_별시대과_전시_문제
457,1635년_알성시대과_전시_문제
458,1635년_증광시소과_초시_문제
459,1635년_증광시소과_복시_문제
460,1635년_증광시대과_전시_문제
461,1636년_별시대과_전시_문제
462,1636년_중시대과_전시_문제
463,1637년_정시대과_전시_문제
464,1637년_별시대과_전시_문제
465,1638년_정시대과_전시_문제
466,1639년_알성시대과_전시_문제
467,1639년_식년시소과_초시_문제
468,1639년_식년시소과_복시_문제
469,1639년_별시대과_전시_문제
470,1639년_식년시대과_전시_문제
471,1641년_정시대과_전시_문제
472,1642년_식년시소과_초시_문제
473,1642년_식년시소과_복시_문제
474,1642년_식년시대과_전시_문제
475,1642년_정시대과_전시_문제
476,1643년_관서별시대과_전시_문제
477,1644년_정시대과_전시_문제
478,1644년_별시대과_전시_문제
479,1645년_별시대과_전시_문제
480,1646년_식년시소과_초시_문제
481,1646년_식년시소과_복시_문제
482,1646년_식년시대과_전시_문제
483,1646년_중시대과_전시_문제
484,1646년_정시대과_전시_문제
485,1648년_식년시소과_초시_문제
486,1648년_식년시소과_복시_문제
487,1648년_정시대과_전시_문제
488,1648년_식년시대과_전시_문제
489,1649년_별시대과_전시_문제
490,1649년_정시대과_전시_문제
491,1650년_증광시소과_초시_문제
492,1650년_증광시소과_복시_문제
493,1650년_증광시대과_전시_문제
494,1651년_정시대과_전시_문제
495,1651년_식년시소과_초시_문제
496,1651년_식년시소과_복시_문제
497,1651년_식년시대과_전시_문제
498,1651년_알성시대과_전시_문제
499,1651년_별시대과_초시_문제
500,1651년_별시대과_전시_문제
501,1652년_증광시대과_전시_문제
502,1652년_증광시소과_초시_문제
503,1652년_증광시소과_복시_문제
504,1653년_알성시대과_전시_문제
505,1653년_별시대과_초시_문제
506,1653년_별시대과_전시_문제
507,1654년_춘당대시대과_전시_문제
508,1654년_식년시소과_초시_문제
509,1654년_식년시소과_복시_문제
510,1654년_식년시대과_전시_문제
511,1655년_춘당대시대과_전시_문제
512,1656년_별시대과_전시_문제
513,1656년_중시대과_전시_문제
514,1657년_식년시소과_초시_문제
515,1657년_식년시소과_복시_문제
516,1657년_식년시대과_전시_문제
517,1657년_알성시대과_전시_문제
518,1660년_식년시소과_초시_문제
519,1660년_식년시소과_복시_문제
520,1660년_식년시대과_전시_문제
521,1660년_증광시소과_초시_문제
522,1660년_증광시소과_복시_문제
523,1660년_증광시대과_전시_문제
524,1661년_증광시소과_초시_문제
525,1662년_증광시소과_복시_문제
526,1662년_증광시대과_전시_문제
527,1662년_정시대과_전시_문제
528,1662년_식년시소과_초시_문제
529,1663년_식년시소과_복시_문제
530,1663년_식년시대과_전시_문제
531,1664년_춘당대시대과_전시_문제
532,1664년_함경도별시대과_전시_문제
533,1665년_정시대과_전시_문제
534,1665년_온양정시대과_전시_문제
535,1665년_별시대과_전시_문제
536,1666년_식년시소과_초시_문제
537,1666년_식년시소과_복시_문제
538,1666년_식년시대과_전시_문제
539,1666년_온양별시대과_전시_문제
540,1666년_별시대과_전시_문제
541,1666년_중시대과_전시_문제
542,1668년_별시대과_전시_문제
543,1668년_정시대과_전시_문제
544,1669년_평안도별시대과_전시_문제
545,1669년_식년시소과_초시_문제
546,1669년_식년시소과_복시_문제
547,1669년_식년시대과_전시_문제
548,1669년_정시대과_전시_문제
549,1670년_별시대과_전시_문제
550,1671년_정시대과_전시_문제
551,1672년_별시대과_전시_문제
552,1672년_식년시소과_초시_문제
553,1673년_식년시소과_복시_문제
554,1673년_춘당대시대과_전시_문제
555,1673년_식년시대과_전시_문제
556,1675년_식년시소과_초시_문제
557,1675년_식년시소과_복시_문제
558,1675년_식년시대과_전시_문제
559,1675년_증광시소과_초시_문제
560,1675년_증광시소과_복시_문제
561,1675년_증광시대과_전시_문제
562,1676년_정시대과_전시_문제
563,1676년_증광시소과_초시_문제
564,1677년_증광시소과_복시_문제
565,1677년_알성시대과_전시_문제
566,1678년_증광시대과_전시_문제
567,1678년_정시대과_전시_문제
568,1679년_정시대과_전시_문제
569,1679년_중시대과_전시_문제
570,1679년_식년시소과_초시_문제
571,1679년_식년시소과_복시_문제
572,1679년_식년시대과_전시_문제
573,1680년_춘당대시대과_전시_문제
574,1680년_정시대과_전시_문제
575,1680년_별시대과_전시_문제
576,1681년_알성시대과_전시_문제
577,1681년_식년시소과_초시_문제
578,1681년_식년시소과_복시_문제
579,1681년_식년시대과_전시_문제
580,1682년_춘당대시대과_전시_문제
581,1682년_증광시소과_초시_문제
582,1682년_증광시소과_복시_문제
583,1682년_증광시대과_전시_문제
584,1683년_증광시소과_초시_문제
585,1683년_증광시소과_복시_문제
586,1683년_증광시대과_전시_문제
587,1684년_정시대과_전시_문제
588,1684년_식년시소과_초시_문제
589,1684년_식년시소과_복시_문제
590,1684년_식년시대과_전시_문제
591,1686년_알성시대과_전시_문제
592,1686년_별시대과_전시_문제
593,1686년_중시대과_전시_문제
594,1686년_함경도별시대과_전시_문제
595,1686년_정시대과_전시_문제
596,1687년_식년시소과_초시_문제
597,1687년_식년시소과_복시_문제
598,1687년_알성시대과_전시_문제
599,1687년_식년시대과_전시_문제
600,1689년_증광시대과_초시_문제
601,1689년_증광시대과_복시_문제
602,1689년_증광시소과_초시_문제
603,1689년_증광시소과_복시_문제
604,1689년_증광시대과_전시_문제
605,1689년_식년시소과_초시_문제
606,1689년_식년시소과_복시_문제
607,1690년_식년시대과_전시_문제
608,1690년_정시대과_전시_문제
609,1691년_증광시소과_초시_문제
610,1691년_증광시소과_복시_문제
611,1691년_증광시대과_전시_문제
612,1691년_알성시대과_전시_문제
613,1692년_춘당대시_전시_문제
614,1692년_식년시소과_초시_문제
615,1692년_식년시소과_복시_문제
616,1693년_식년시대과_전시_문제
617,1693년_알성시대과_전시_문제
618,1693년_개성정시대과_전시_문제
619,1694년_별시대과_초시_문제
620,1694년_별시대과_전시_문제
621,1694년_알성시대과_전시_문제
622,1695년_평안도별시대과_전시_문제
623,1695년_별시대과_초시_문제
624,1695년_별시대과_전시_문제
625,1696년_식년시대과_초시_문제
626,1696년_정시대과_전시_문제
627,1696년_식년시소과_복시_문제
628,1696년_식년시대과_전시_문제
629,1697년_정시대과_전시_문제
630,1697년_중시_전시_문제
631,1698년_알성시대과_전시_문제
632,1698년_식년시대과_초시_문제
633,1699년_증광시대과_초시_문제
634,1699년_증광시대과_복시_문제
635,1699년_식년시소과_복시_문제
636,1699년_식년시대과_복시_문제
637,1699년_정시대과_전시_문제
638,1699년_식년시대과_전시_문제
639,1699년_증광시소과_초시_문제
640,1699년_증광시소과_복시_문제
641,1699년_증광시대과_전시_문제
642,1700년_춘당대시대과_전시_문제
643,1702년_식년시소과_초시_문제
644,1702년_식년시대과_초시_문제
645,1702년_알성시대과_전시_문제
646,1702년_함경도별시대과_전시_문제
647,1702년_식년시소과_복시_문제
648,1702년_식년시대과_복시_문제
649,1702년_식년시대과_전시_문제
650,1702년_별시대과_초시_문제
651,1702년_별시대과_전시_문제
652,1704년_식년시소과_초시_문제
653,1704년_식년시대과_초시_문제
654,1704년_춘당대시대과_전시_문제
655,1705년_식년시소과_복시_문제
656,1705년_식년시대과_복시_문제
657,1705년_식년시대과_전시_문제
658,1705년_알성시대과_전시_문제
659,1705년_증광시대과_초시_문제
660,1705년_증광시대과_복시_문제
661,1705년_증광시소과_초시_문제
662,1705년_증광시소과_복시_문제
663,1705년_증광시대과_전시_문제
664,1706년_정시대과_전시_문제
665,1707년_별시대과_초시_문제
666,1707년_별시대과_전시_문제
667,1707년_중시_전시_문제
668,1707년_식년시소과_초시_문제
669,1707년_식년시대과_초시_문제
670,1708년_식년시소과_복시_문제
671,1708년_식년시대과_복시_문제
672,1708년_식년시대과_전시_문제
673,1709년_알성시대과_전시_문제
674,1710년_증광시소과_초시_문제
675,1710년_증광시대과_초시_문제
676,1710년_증광시소과_복시_문제
677,1710년_증광시대과_복시_문제
678,1710년_증광시대과_전시_문제
679,1710년_식년시소과_초시_문제
680,1710년_춘당대시대과_전시_문제
681,1710년_식년시대과_초시_문제
682,1711년_식년시소과_복시_문제
683,1711년_식년시대과_복시_문제
684,1711년_식년시대과_전시_문제
685,1712년_정시대과_전시_문제
686,1713년_증광시소과_초시_문제
687,1713년_증광시대과_초시_문제
688,1713년_증광시소과_복시_문제
689,1713년_증광시대과_복시_문제
690,1713년_증광시대과_전시_문제
691,1714년_증광시소과_초시_문제
692,1714년_증광시대과_초시_문제
693,1714년_증광시소과_복시_문제
694,1714년_증광시대과_복시_문제
695,1714년_증광시대과_전시_문제
696,1715년_식년시소과_초시_문제
697,1715년_식년시대과_초시_문제
698,1715년_식년시소과_복시_문제
699,1715년_식년시대과_복시_문제
700,1715년_식년시대과_전시_문제
701,1717년_함경도별시대과_전시_문제
702,1717년_평안도별시대과_전시_문제
703,1717년_식년시소과_초시_문제
704,1717년_식년시대과_초시_문제
705,1717년_온양정시대과_전시_문제
706,1717년_식년시소과_복시_문제
707,1717년_정시대과_전시_문제
708,1717년_중시_전시_문제
709,1717년_식년시대과_복시_문제
710,1717년_식년시대과_전시_문제
711,1718년_정시대과_전시_문제
712,1718년_별시대과_초시_문제
713,1718년_별시대과_전시_문제
714,1719년_증광시대과_초시_문제
715,1719년_증광시소과_초시_문제
716,1719년_증광시대과_복시_문제
717,1719년_증광시소과_복시_문제
718,1719년_증광시대과_전시_문제
719,1719년_춘당대시대과_전시_문제
720,1720년_식년시소과_초시_문제
721,1721년_식년시대과_초시_문제
722,1721년_식년시소과_복시_문제
723,1721년_정시대과_전시_문제
724,1721년_식년시대과_복시_문제
725,1721년_식년시대과_전시_문제
726,1721년_증광시소과_초시_문제
727,1721년_증광시대과_초시_문제
728,1721년_증광시소과_복시_문제
729,1721년_증광시대과_복시_문제
730,1721년_증광시대과_전시_문제
731,1722년_증광시대과_초시_문제
732,1721년_알성시대과_전시_문제
733,1722년_증광시소과_초시_문제
734,1723년_식년시대과_초시_문제
735,1723년_증광시대과_복시_문제
736,1723년_식년시대과_복시_문제
737,1723년_증광시소과_복시_문제
738,1723년_증광시대과_전시_문제
739,1723년_별시대과_전시_문제
740,1723년_식년시소과_초시_문제
741,1723년_식년시소과_복시_문제
742,1723년_정시대과_전시_문제
743,1723년_식년시대과_전시_문제
744,1725년_정시대과_전시_문제
745,1725년_증광시소과_초시_문제
746,1725년_증광시대과_초시_문제
747,1725년_증광시소과_복시_문제
748,1725년_증광시대과_복시_문제
749,1725년_증광시대과_전시_문제
750,1726년_식년시대과_초시_문제
751,1726년_식년시대과_복시_문제
752,1726년_강화별시대과_전시_문제
753,1726년_식년시소과_초시_문제
754,1726년_식년시소과_복시_문제
755,1726년_식년시대과_전시_문제
756,1726년_알성시대과_전시_문제
757,1727년_증광시대과_초시_문제
758,1727년_증광시소과_초시_문제
759,1727년_증광시대과_복시_문제
760,1727년_증광시대과_전시_문제
761,1727년_증광시소과_복시_문제
762,1727년_정시대과_전시_문제
763,1727년_중시_전시_문제
764,1728년_별시대과_초시_문제
765,1728년_춘당대시대과_전시_문제
766,1728년_평안도별시대과_전시_문제
767,1728년_별시대과_전시_문제
768,1728년_정시대과_전시_문제
769,1729년_식년시대과_초시_문제
770,1729년_식년시대과_복시_문제
771,1729년_식년시소과_초시_문제
772,1729년_식년시소과_복시_문제
773,1729년_식년시대과_전시_문제
774,1730년_정시대과_전시_문제
775,1731년_정시대과_전시_문제
776,1732년_정시대과_전시_문제
777,1733년_식년시대과_초시_문제
778,1733년_식년시소과_초시_문제
779,1733년_알성시대과_전시_문제
780,1733년_식년시소과_복시_문제
781,1733년_식년시대과_전시_문제
782,1734년_정시대과_전시_문제
783,1734년_춘당대시대과_전시_문제
784,1735년_식년시대과_초시_문제
785,1735년_증광시대과_초시_문제
786,1735년_증광시대과_복시_문제
787,1735년_식년시대과_복시_문제
788,1735년_증광시소과_초시_문제
789,1735년_증광시대과_전시_문제
790,1735년_증광시소과_복시_문제
791,1735년_식년시소과_복시_문제
792,1735년_식년시대과_전시_대과
793,1735년_정시대과_전시_대과
794,1736년_정시대과_전시_대과
795,1736년_알성시대과_전시_대과
796,1737년_별시대과_초시_대과
797,1737년_별시대과_전시_대과
798,1737년_중시_전시_대과
799,1737년_식년시소과_초시_문제
800,1738년_식년시대과_초시_문제
801,1738년_식년시소과_복시_문제
802,1738년_식년시대과_전시_문제
803,1739년_알성시대과_전시_대과
804,1739년_정시대과_전시_대과
805,1740년_정시대과_전시_대과
806,1740년_증광시소과_초시_문제
807,1740년_증광시소과_복시_문제
808,1741년_식년시소과_종장_문제
809,1741년_식년시소과_초장_문제
810,1744년_식년시소과_초장_문제
811,1744년_식년시소과_종장_문제
812,1749년_식년시소과_초장_문제
813,1749년_식년시소과_종장_문제
814,1750년_식년시소과_초장_문제
815,1750년_식년시소과_종장_문제
816,1753년_식년시소과_초장_문제
817,1753년_식년시소과_종장_문제
818,1754년_증광시소과_초장_문제
819,1754년_증광시소과_종장_문제
820,1755년_식년시소과_초장_문제
821,1755년_식년시소과_종장_문제
822,1756년_식년시소과_초장_문제
823,1756년_식년시소과_종장_문제
824,1758년_식년시소과_초장_문제
825,1758년_식년시소과_종장_문제
826,1759년_식년시소과_초장_문제
827,1759년_식년시소과_종장_문제
828,1761년_식년시소과_초장_문제
829,1761년_식년시소과_종장_문제
830,1762년_식년시소과_초장_문제
831,1762년_식년시소과_종장_문제
832,1763년_증광시소과_초장_문제
833,1763년_증광시소과_종장_문제
834,1767년_식년시소과_초장_문제
835,1767년_식년시소과_종장_문제
836,1768년_식년시소과_초장_문제
837,1768년_식년시소과_종장_문제
838,1770년_식년시소과_초장_문제
839,1770년_식년시소과_종장_문제
840,1771년_식년시소과_초장_문제
841,1771년_식년시소과_종장_문제
842,1773년_식년시소과_초장_문제
843,1773년_식년시소과_종장_문제
844,1774년_식년시소과_초장_문제
845,1774년_식년시소과_종장_문제
846,1774년_증광시소과_초장_문제
847,1774년_증광시소과_종장_문제
848,1776년_식년시소과_초장_문제
849,1776년_식년시소과_종장_문제
850,1777년_증광시소과_초장_문제
851,1777년_증광시소과_종장_문제
852,1777년_식년시소과_초장_문제
853,1777년_식년시소과_종장_문제
854,1779년_식년시소과_초장_문제
855,1779년_식년시소과_종장_문제
856,1780년_식년시소과_초장_문제
857,1780년_식년시소과_종장_문제
858,1783년_증광시소과_초장_문제
859,1783년_증광시소과_종장_문제
860,1783년_식년시소과_초장_문제
861,1783년_식년시소과_종장_문제
862,1785년_식년시소과_초장_문제
863,1786년_식년시소과_초장_문제
864,1786년_식년시소과_종장_문제
865,1788년_식년시소과_초장_문제
866,1788년_식년시소과_종장_문제
867,1789년_식년시소과_초장_문제
868,1789년_식년시소과_종장_문제
869,1790년_증광시소과_초장_문제
870,1790년_증광시소과_종장_문제
871,1791년_식년시소과_초장_문제
872,1791년_식년시소과_종장_문제
873,1792년_식년시소과_초장_문제
874,1792년_식년시소과_종장_문제
875,1795년_식년시소과_초장_문제
876,1795년_식년시소과_종장_문제
877,1797년_식년시소과_초장_문제
878,1797년_식년시소과_종장_문제
879,1798년_식년시소과_초장_문제
880,1798년_식년시소과_종장_문제
881,1740년_증광시대과_초장_문제
882,1740년_증광시대과_중장_문제
883,1740년_증광시대과_종장_문제
884,1740년_증광시대과_문제
885,1741년_개성별시대과_문제
886,1741년_식년시대과_문제
887,1742년_정시대과_문제
888,1743년_알성시대과_문제
889,1743년_정시대과_문제
890,1744년_춘당대시대과_문제
891,1744년_식년시대과_문제
892,1744년_정시대과_문제
893,1745년_정시대과_문제
894,1746년_정시대과_문제
895,1746년_알성시대과_문제
896,1746년_중시_문제
897,1746년_평안도별시대과_문제
898,1746년_춘당대시대과_문제
899,1746년_함경도별시대과_문제
900,1747년_식년시대과_문제
901,1747년_정시대과_문제
902,1748년_춘당대시대과_문제
903,1749년_춘당대시대과_문제
904,1750년_식년시대과_문제
905,1750년_알성시대과_문제
906,1750년_온양별시대과_문제
907,1751년_춘당대시대과_문제
908,1751년_정시대과_문제
909,1752년_정시대과_문제
910,1753년_알성시대과_문제
911,1753년_정시대과_문제
912,1753년_식년시대과_문제
913,1754년_도과정시대과_문제
914,1754년_증광시대과_문제
915,1755년_함경도별시대과_문제
916,1755년_정시대과_문제
917,1756년_정시대과_문제
918,1756년_기로정시대과_문제
919,1756년_식년시대과_문제
920,1757년_정시대과_문제
921,1757년_중시_문제
922,1759년_식년시대과_문제
923,1759년_별시대과_문제
924,1759년_알성시대과_문제
925,1759년_정시대과_문제
926,1761년_정시대과_문제
927,1762년_알성시대과_문제
928,1762년_정시대과_문제
929,1763년_기로정시대과_문제
930,1763년_증광시대과_초장_문제
931,1763년_증광시대과_중장_문제
932,1763년_증광시대과_종장_문제
933,1763년_증광시대과_문제
934,1764년_충량과대과_문제
935,1764년_강화별시대과_문제
936,1764년_정시대과_문제
937,1765년_식년시대과_문제
938,1765년_알성시대과_문제
939,1766년_정시대과_문제
940,1766년_중시_문제
941,1767년_정시대과_문제
942,1767년_알성시대과_문제
943,1767년_중시_문제
944,1768년_식년시대과_문제
945,1768년_정시대과_문제
946,1769년_식희과대과_문제
947,1769년_기로정시대과_문제
948,1769년_정시대과_문제
949,1770년_동당시대과_중장_문제
950,1770년_정시대과_문제
951,1771년_정시대과_문제
952,1771년_식년시대과_문제
953,1772년_기로과대과_문제
954,1772년_기로정시대과_문제
955,1772년_탕평정시대과_문제
956,1772년_정시대과_문제
957,1773년_증광시대과_중장_문제
958,1773년_증광시대과_문제
959,1773년_정시대과_문제
960,1774년_증광시대과_중장_문제
961,1774년_식년시대과_문제
962,1774년_정시대과_문제
963,1774년_평안도별시대과_문제
964,1774년_함경도별시대과_문제
965,1774년_증광시대과_문제
966,1775년_정시대과_문제
967,1775년_구현과대과_문제
968,1776년_별시대과_중장_문제
969,1776년_정시대과_중장_문제
970,1776년_기로정시대과_문제
971,1776년_정시대과_문제
972,1776년_중시_문제
973,1777년_식년시대과_문제
974,1777년_정시대과_중장_문제
975,1777년_정시대과_문제
976,1778년_알성시대과_문제
977,1778년_정시대과_문제
978,1778년_남한별시대과_문제
979,1780년_식년시대과_문제
980,1782년_정시대과_중장_문제
981,1782년_식년시대과_중장_문제
982,1782년_알성시대과_문제
983,1782년_평안도별시대과_문제
984,1782년_함경도별시대과_문제
985,1782년_정시대과_문제
986,1783년_증광시대과_문제
987,1783년_증광시대과_초장_문제
988,1783년_증광시대과_종장_문제
989,1783년_정시대과_문제
990,1783년_식년시대과_문제
991,1784년_정시대과_문제
992,1785년_알성시대과_문제
993,1785년_정시대과_문제
994,1786년_별시대과_문제
995,1786년_중시_문제
996,1786년_식년시대과_문제
997,1787년_정시대과_문제
998,1788년_식년시대과_초장_문제
999,1788년_식년시대과_종장_문제
1000,1789년_알성시대과_문제
1001,1789년_식년시대과_초장_문제
1002,1789년_식년시대과_문제
1003,1789년_정시대과_문제
1004,1790년_증광시대과_초장_문제
1005,1790년_증광시대과_중장_문제
1006,1790년_증광시대과_종장_문제
1007,1790년_수원별시대과_문제
1008,1790년_알성시대과_문제
1009,1790년_증광시대과_문제
1010,1792년_식년시대과_문제
1011,1794년_알성시대과_문제
1012,1794년_정시대과_문제
1013,1795년_수원별시대과_문제
1014,1795년_식년시대과_문제
1015,1795년_정시대과_문제
1016,1796년_별시대과_문제
1017,1796년_중시_문제
1018,1796년_식년시대과_문제
1019,1799년_알성시대과_문제
1020,1801년_증광시소과_초시_문제
1021,1801년_증광시소과_복시_문제
1022,1801년_식년시소과_초시_문제
1023,1801년_식년시소과_복시_문제
1024,1803년_증광시소과_초시_문제
1025,1803년_증광시소과_복시_문제
1026,1804년_식년시소과_초시_문제
1027,1805년_식년시소과_복시_문제
1028,1805년_증광시소과_초시_문제
1029,1805년_증광시소과_복시_문제
1030,1806년_식년시소과_초시_문제
1031,1807년_식년시소과_복시_문제
1032,1809년_증광시소과_초시_문제
1033,1809년_증광시소과_복시_문제
1034,1810년_식년시소과_초시_문제
1035,1810년_식년시소과_복시_문제
1036,1813년_증광시소과_초시_문제
1037,1813년_증광시소과_복시_문제
1038,1814년_식년시소과_초시_문제
1039,1814년_식년시소과_복시_문제
1040,1815년_식년시소과_초시_문제
1041,1816년_식년시소과_복시_문제
1042,1818년_식년시소과_초시_문제
1043,1819년_식년시소과_복시_문제
1044,1822년_식년시소과_초시_문제
1045,1822년_식년시소과_복시_문제
1046,1824년_식년시소과_초시_문제
1047,1825년_식년시소과_복시_문제
1048,1827년_증광시소과_초시_문제
1049,1827년_증광시소과_복시_문제
1050,1828년_식년시소과_초시_문제
1051,1828년_식년시소과_복시_문제
1052,1831년_식년시소과_초시_문제
1053,1831년_식년시소과_복시_문제
1054,1834년_식년시소과_초시_문제
1055,1834년_식년시소과_복시_문제
1056,1835년_증광시소과_초시_문제
1057,1835년_증광시소과_복시_문제
1058,1836년_식년시소과_초시_문제
1059,1837년_식년시소과_복시_문제
1060,1839년_식년시소과_초시_문제
1061,1840년_식년시소과_복시_문제
1062,1842년_식년시소과_초시_문제
1063,1843년_식년시소과_복시_문제
1064,1844년_증광시소과_초시_문제
1065,1844년_증광시소과_복시_문제
1066,1846년_식년시소과_초시_문제
1067,1846년_식년시소과_복시_문제
1068,1848년_식년시소과_초시_문제
1069,1849년_식년시소과_복시_문제
1070,1850년_증광시소과_초시_문제
1071,1850년_증광시소과_복시_문제
1072,1801년_정시대과_전시_문제
1073,1801년_증광시대과_초시_문제
1074,1801년_증광시대과_복시_문제
1075,1801년_증광시대과_전시_문제
1076,1801년_식년시대과_초시_문제
1077,1801년_식년시대과_전시_문제
1078,1801년_정시대과_초시_문제
1079,1802년_정시대과_초시_문제
1080,1802년_정시대과_전시_문제
1081,1803년_알성시대과_전시_문제
1082,1803년_증광시대과_초시_문제
1083,1803년_증광시대과_복시_문제
1084,1803년_증광시대과_전시_문제
1085,1804년_정시대과_전시_문제
1086,1804년_식년시대과_전시_문제
1087,1805년_정시대과_전시_문제
1088,1805년_증광시대과_초시_문제
1089,1805년_증광시대과_복시_문제
1090,1805년_증광시대과_전시_문제
1091,1806년_별시대과_초시_문제
1092,1806년_별시대과_전시_문제
1093,1806년_중시대과_전시_문제
1094,1806년_식년시대과_초시_문제
1095,1806년_식년시대과_전시_문제
1096,1807년_정시대과_문제
1097,1807년_알성시대과_전시_문제
1098,1807년_정시대과_초시_문제
1099,1807년_정시대과_전시_문제
1100,1809년_대륜차대과_전시_문제
1101,1809년_증광시대과_초시_문제
1102,1809년_증광시대과_복시_문제
1103,1809년_증광시대과_전시_문제
1104,1810년_외방별과대과_전시_문제
1105,1810년_식년시대과_초시_문제
1106,1810년_전시대과_초시_문제
1107,1811년_정시대과_문제
1108,1812년_정시대과_문제
1109,1813년_증광시대과_초시_문제
1110,1813년_증광시대과_복시_문제
1111,1813년_증광시대과_전시_문제
1112,1814년_정시대과_문제
1113,1814년_식년시대과_초시_문제
1114,1814년_식년시대과_전시_문제
1115,1815년_정시대과_전시_문제
1116,1815년_평안도별시대과_문제
1117,1815년_함경도별시대과_문제
1118,1816년_정시대과_전시_문제
1119,1816년_중시대과_전시_문제
1120,1816년_식년시대과_전시_문제
1121,1817년_정시대과_초시_문제
1122,1817년_정시대과_전시_문제
1123,1818년_식년시대과_초시_문제
1124,1819년_식년시대과_전시_문제
1125,1820년_정시대과_초시_문제
1126,1820년_정시대과_전시_문제
1127,1821년_정시대과_문제
1128,1822년_식년시대과_초시_문제
1129,1822년_식년시대과_전시_문제
1130,1823년_정시대과_초시_문제
1131,1825년_생획과대과_복시_문제
1132,1825년_식년시대과_전시_문제
1133,1825년_알성시대과_문제
1134,1826년_별시대과_복시_문제
1135,1826년_별시대과_전시_문제
1136,1826년_중시대과_전시_문제
1137,1826년_평안도별시대과_문제
1138,1826년_함경도별시대과_문제
1139,1827년_정시대과_문제
1140,1827년_증광시대과_초시_문제
1141,1827년_증광시대과_복시_문제
1142,1827년_증광시대과_전시_문제
1143,1828년_식년시대과_전시_문제
1144,1829년_정시대과_전시_문제
1145,1830년_정시대과_전시_문제
1146,1831년_식년시대과_전시_문제
1147,1834년_식년시대과_전시_문제
1148,1835년_별시대과_전시_문제
1149,1835년_증광시대과_초시_문제
1150,1835년_증광시대과_복시_문제
1151,1836년_정시대과_문제
1152,1836년_중시대과_문제
1153,1837년_식년시대과_전시_문제
1154,1837년_정시대과_전시_문제
1155,1838년_정시대과_전시_문제
1156,1838년_알성시대과_전시_문제
1157,1838년_함경도도과대과_문제
1158,1839년_정시대과_전시_문제
1159,1840년_식년시대과_전시_문제
1160,1841년_정시대과_전시_문제
1161,1843년_식년시대과_전시_문제
1162,1844년_증광시대과_초시_문제
1163,1844년_증광시대과_복시_문제
1164,1844년_증광시대과_전시_문제
1165,1845년_정시대과_전시_문제
1166,1846년_정시대과_전시_문제
1167,1846년_중시대과_전시_문제
1168,1846년_식년시대과_전시_문제
1169,1847년_정시대과_문제
1170,1848년_증광시대과_초시_문제
1171,1848년_증광시대과_복시_문제
1172,1848년_증광시대과_전시_문제
1173,1848년_정시대과_전시_문제
1174,1849년_식년시대과_전시_문제
1175,1849년_정시대과_전시_문제
1176,1850년_증광시대과_전시_문제
1177,1851년_식년시소과_초시_문제
1178,1852년_식년시소과_복시_문제
1179,1854년_식년시소과_초시_문제
1180,1855년_식년시소과_복시_문제
1181,1858년_식년시소과_초시_문제
1182,1858년_식년시소과_복시_문제
1183,1859년_증광시소과_초시_문제
1184,1859년_증광시소과_복시_문제
1185,1861년_식년시소과_초시_문제
1186,1861년_식년시소과_복시_문제
1187,1864년_증광시소과_초시_문제
1188,1864년_증광시소과_복시_문제
1189,1865년_식년시소과_초시_문제
1190,1865년_식년시소과_복시_문제
1191,1866년_식년시소과_초시_문제
1192,1867년_식년시소과_복시_문제
1193,1869년_식년시소과_초시_문제
1194,1870년_식년시소과_복시_문제
1195,1872년_식년시소과_초시_문제
1196,1873년_식년시소과_복시_문제
1197,1874년_증광시소과_초시_문제
1198,1874년_증광시소과_복시_문제
1199,1875년_식년시소과_초시_문제
1200,1876년_식년시소과_복시_문제
1201,1879년_식년시소과_초시_문제
1202,1879년_식년시소과_복시_문제
1203,1880년_증광시소과_초시_문제
1204,1880년_증광시소과_복시_문제
1205,1881년_식년시소과_초시_문제
1206,1882년_식년시소과_복시_문제
1207,1882년_증광시소과_초시_문제
1208,1882년_증광시소과_복시_문제
1209,1884년_식년시소과_초시_문제
1210,1885년_식년시소과_복시_문제
1211,1885년_증광시소과_초시_문제
1212,1885년_증광시소과_복시_문제
1213,1887년_식년시소과_초시_문제
1214,1888년_식년시소과_복시_문제
1215,1891년_증광시소과_초시_문제
1216,1891년_증광시소과_복시_문제
1217,1891년_식년시소과_초시_문제
1218,1891년_식년시소과_복시_문제
1219,1893년_식년시소과_초시_문제
1220,1894년_식년시소과_복시_문제
1221,1851년_정시대과_전시_문제
1222,1851년_알성시대과_전시_문제
1223,1852년_식년시대과_전시_문제
1224,1852년_정시대과_전시_문제
1225,1853년_정시대과_전시_문제
1226,1854년_정시대과_전시_문제
1227,1854년_기로정시대과_전시_문제
1228,1854년_제주별시대과_전시_문제
1229,1855년_정시대과_전시_문제
1230,1855년_식년시대과_전시_문제
1231,1856년_별시대과_전시_문제
1232,1856년_중시_전시_문제
1233,1856년_춘당대시대과_전시_문제
1234,1857년_정시대과_전시_문제
1235,1858년_정시대과_전시_문제
1236,1858년_식년시대과_전시_문제
1237,1859년_증광시대과_초시_문제
1238,1859년_증광시대과_복시_문제
1239,1859년_증광시대과_전시_문제
1240,1860년_정시대과_전시_문제
1241,1861년_정시대과_전시_문제
1242,1861년_식년시대과_전시_문제
1243,1862년_정시대과_전시_문제
1244,1863년_제주별시대과_전시_문제
1245,1864년_정시대과_전시_문제
1246,1864년_증광시대과_전시_문제
1247,1865년_식년시대과_전시_문제
1248,1866년_정시대과_전시_문제
1249,1866년_중시_전시_문제
1250,1866년_알성시대과_전시_문제
1251,1866년_평안도도과대과_전시_문제
1252,1866년_강화별시대과_전시_문제
1253,1866년_개성별시대과_전시_문제
1254,1867년_함경도도과대과_전시_문제
1255,1870년_식년시대과_전시_문제
1256,1867년_정시대과_전시_문제
1257,1868년_정시대과_전시_문제
1258,1869년_정시대과_전시_문제
1259,1870년_정시대과_전시_문제
1260,1871년_알성시대과_전시_문제
1261,1871년_정시대과_전시_문제
1262,1872년_알성시대과_전시_문제
1263,1872년_개성별시대과_전시_문제
1264,1872년_정시대과_전시_문제
1265,1873년_식년시대과_전시_문제
1266,1873년_정시대과_전시_문제
1267,1874년_증광시대과_초시_문제
1268,1874년_증광시대과_복시_문제
1269,1874년_증광시대과_전시_문제
1270,1874년_정시대과_전시_문제
1271,1875년_별시대과_전시_문제
1272,1876_정시대과_전시_문제
1273,1876년_중시_전시_문제
1274,1876년_식년시대과_전시_문제
1275,1876년_함경도도과대과_전시_문제
1276,1877년_정시대과_전시_문제
1277,1877년_기로응제시대과_전시_문제
1278,1878년_정시대과_전시_문제
1279,1879년_정시대과_전시_문제
1280,1879년_식년시대과_전시_문제
1281,1880년_정시대과_전시_문제
1282,1880년_증광시대과_초시_문제
1283,1880년_증광시대과_복시_문제
1284,1880년_증광시대과_전시_문제
1285,1880년_알성시대과_전시_문제
1286,1881년_정시대과_전시_문제
1287,1882년_별시대과_전시_문제
1288,1882년_정시대과_전시_문제
1289,1882년_증광시대과_초시_문제
1290,1882년_증광시대과_복시_문제
1291,1882년_증광시대과_전시_문제
1292,1883년_식년시대과_전시_문제
1293,1883년_별시대과_전시_문제
1294,1885년_정시대과_전시_문제
1295,1885년_식년시대과_전시_문제
1296,1885년_증광시대과_전시_문제
1297,1886년_정시대과_전시_문제
1298,1886년_중시_전시_문제
1299,1886년_평안도도과대과_전시_문제
1300,1887년_함경도도과대과_전시_문제
1301,1887년_정시대과_전시_문제
1302,1887년_개성별시대과_전시_문제
1303,1888년_기로응제시대과_전시_문제
1304,1888년_정시대과_전시_문제
1305,1888년_식년시대과_전시_문제
1306,1888년_별시대과_전시_문제
1307,1889년_알성시대과_전시_문제
1308,1890년_기로응제시대과_전시_문제
1309,1890년_별시대과_전시_문제
1310,1891년_정시대과_전시_문제
1311,1891년_증광시대과_전시_문제
1312,1891년_식년시대과_전시_문제
1313,1892년_별시대과_전시_문제
1314,1892년_정시대과_전시_문제
1315,1892년_알성시_전시_문제
1316,1893년_정시대과_전시_문제
1317,1893년_알성시_전시_문제
1318,1893년_평안도영의과대과_전시_문제
1319,1894년_식년시대과_전시_문제
