q_id,exam_id,match_type
0,0,year_based
0,0,year_based
1,0,year_based
1,0,year_based
2,0,year_based
3,0,year_based
4,0,year_based
5,0,year_based
6,0,year_based
7,0,year_based
8,7,year_based
9,8,year_based
10,34,year_based
11,34,year_based
12,34,year_based
13,11,year_based
14,12,year_based
15,12,year_based
16,41,year_based
16,41,year_based
18,17,year_based
19,18,year_based
21,53,year_based
21,53,year_based
22,19,year_based
25,60,year_based
26,21,year_based
27,62,year_based
27,62,year_based
28,22,year_based
29,65,year_based
30,69,year_based
32,70,year_based
33,71,year_based
34,72,year_based
35,72,year_based
36,111,year_based
37,76,year_based
38,113,year_based
39,113,year_based
40,113,year_based
41,116,year_based
42,78,year_based
43,118,year_based
44,121,year_based
45,80,year_based
46,80,year_based
47,124,year_based
48,82,year_based
49,82,year_based
50,127,year_based
50,127,year_based
51,127,year_based
52,127,year_based
53,127,year_based
55,84,year_based
55,84,year_based
56,84,year_based
57,86,year_based
57,86,year_based
58,86,year_based
58,86,year_based
59,137,year_based
60,138,year_based
61,88,year_based
62,90,year_based
63,141,year_based
64,142,year_based
65,92,year_based
66,92,year_based
67,146,year_based
68,146,year_based
69,147,year_based
70,147,year_based
71,147,year_based
72,94,year_based
73,151,year_based
74,152,year_based
75,152,year_based
76,96,year_based
77,96,year_based
78,155,year_based
79,155,year_based
80,98,year_based
81,158,year_based
82,159,year_based
83,100,year_based
84,161,year_based
85,162,year_based
86,102,year_based
87,165,year_based
96,190,year_based
114,283,year_based
118,295,year_based
130,318,year_based
133,322,year_based
143,346,year_based
144,346,year_based
145,348,year_based
146,349,year_based
146,356,year_based
146,368,year_based
146,375,year_based
146,375,year_based
146,416,year_based
146,417,year_based
146,442,year_based
146,446,year_based
146,452,year_based
146,489,year_based
146,500,year_based
146,511,year_based
146,519,year_based
146,525,year_based
146,529,year_based
146,536,year_based
146,544,year_based
146,577,year_based
146,583,year_based
146,669,year_based
146,708,year_based
147,349,year_based
148,349,year_based
149,349,year_based
150,353,year_based
151,361,year_based
152,361,year_based
153,363,year_based
154,363,year_based
155,363,year_based
156,363,year_based
157,363,year_based
158,368,year_based
159,368,year_based
160,385,year_based
161,392,year_based
162,392,year_based
163,410,year_based
164,417,year_based
165,423,year_based
166,423,year_based
167,431,year_based
168,436,year_based
169,442,year_based
170,442,year_based
171,445,year_based
172,446,year_based
173,446,year_based
174,449,year_based
175,452,year_based
176,452,year_based
177,452,year_based
178,452,year_based
179,452,year_based
180,452,year_based
181,452,year_based
182,466,year_based
183,466,year_based
184,469,year_based
185,469,year_based
186,469,year_based
187,469,year_based
188,477,year_based
189,477,year_based
190,477,year_based
191,480,year_based
192,480,year_based
193,482,year_based
194,482,year_based
195,482,year_based
196,482,year_based
197,482,year_based
198,489,year_based
199,499,year_based
200,500,year_based
201,506,year_based
202,508,year_based
203,508,year_based
204,510,year_based
205,511,year_based
206,518,year_based
207,519,year_based
208,519,year_based
209,519,year_based
210,519,year_based
211,526,year_based
212,529,year_based
213,529,year_based
214,536,year_based
215,536,year_based
216,536,year_based
217,536,year_based
218,536,year_based
219,536,year_based
220,536,year_based
221,536,year_based
222,542,year_based
223,549,year_based
224,549,year_based
225,549,year_based
226,549,year_based
227,549,year_based
228,549,year_based
229,549,year_based
230,549,year_based
231,549,year_based
232,549,year_based
233,549,year_based
234,559,year_based
235,559,year_based
236,559,year_based
237,559,year_based
238,559,year_based
239,559,year_based
240,559,year_based
241,559,year_based
242,564,year_based
243,568,year_based
244,568,year_based
245,574,year_based
246,575,year_based
247,575,year_based
248,577,year_based
249,583,year_based
250,583,year_based
251,583,year_based
252,583,year_based
253,583,year_based
254,583,year_based
255,583,year_based
256,583,year_based
257,583,year_based
258,583,year_based
259,583,year_based
260,583,year_based
261,583,year_based
262,583,year_based
262,816,year_based
263,583,year_based
264,583,year_based
265,583,year_based
266,595,year_based
267,595,year_based
268,601,year_based
269,601,year_based
270,601,year_based
271,601,year_based
272,601,year_based
273,601,year_based
274,601,year_based
275,601,year_based
276,601,year_based
277,604,year_based
278,606,year_based
279,606,year_based
280,606,year_based
281,609,year_based
282,609,year_based
283,609,year_based
284,609,year_based
285,609,year_based
286,609,year_based
287,609,year_based
288,609,year_based
289,609,year_based
289,609,year_based
290,617,year_based
291,617,year_based
292,619,year_based
293,619,year_based
294,619,year_based
295,619,year_based
296,619,year_based
297,619,year_based
298,619,year_based
299,619,year_based
300,619,year_based
301,619,year_based
302,619,year_based
303,627,year_based
304,628,year_based
305,631,year_based
306,631,year_based
307,631,year_based
308,631,year_based
309,631,year_based
310,631,year_based
311,631,year_based
312,631,year_based
313,631,year_based
314,631,year_based
315,635,year_based
316,635,year_based
317,635,year_based
318,635,year_based
319,635,year_based
320,635,year_based
321,635,year_based
322,635,year_based
323,635,year_based
324,635,year_based
325,635,year_based
326,635,year_based
327,635,year_based
328,635,year_based
329,635,year_based
330,635,year_based
331,635,year_based
332,635,year_based
333,645,year_based
334,648,year_based
335,648,year_based
336,648,year_based
337,648,year_based
338,648,year_based
339,648,year_based
340,648,year_based
341,648,year_based
342,651,year_based
343,651,year_based
344,653,year_based
345,653,year_based
346,653,year_based
347,660,year_based
348,660,year_based
349,663,year_based
350,663,year_based
351,663,year_based
352,663,year_based
353,663,year_based
354,663,year_based
355,663,year_based
356,663,year_based
357,663,year_based
358,669,year_based
359,669,year_based
359,675,year_based
360,669,year_based
360,675,year_based
361,669,year_based
361,675,year_based
362,669,year_based
362,675,year_based
363,669,year_based
363,675,year_based
364,669,year_based
364,675,year_based
365,669,year_based
365,675,year_based
366,669,year_based
366,675,year_based
367,675,year_based
368,680,year_based
369,680,year_based
370,680,year_based
371,680,year_based
372,680,year_based
373,680,year_based
374,680,year_based
375,680,year_based
376,680,year_based
377,680,year_based
378,686,year_based
379,686,year_based
380,686,year_based
381,686,year_based
381,901,year_based
382,686,year_based
383,691,year_based
384,691,year_based
385,691,year_based
386,691,year_based
387,691,year_based
388,691,year_based
389,691,year_based
390,691,year_based
391,691,year_based
392,697,year_based
393,697,year_based
394,697,year_based
395,697,year_based
396,697,year_based
397,697,year_based
398,697,year_based
399,697,year_based
400,697,year_based
401,697,year_based
402,697,year_based
403,708,year_based
404,708,year_based
405,708,year_based
406,708,year_based
407,708,year_based
407,1263,year_based
408,708,year_based
409,708,year_based
410,708,year_based
411,708,year_based
412,712,year_based
413,712,year_based
414,712,year_based
415,712,year_based
416,712,year_based
417,712,year_based
418,712,year_based
419,712,year_based
420,712,year_based
421,718,year_based
422,721,year_based
423,721,year_based
424,721,year_based
425,721,year_based
426,721,year_based
427,721,year_based
428,721,year_based
429,721,year_based
430,721,year_based
431,721,year_based
432,726,year_based
433,726,year_based
434,726,year_based
435,729,year_based
436,729,year_based
437,729,year_based
438,729,year_based
439,732,year_based
440,732,year_based
441,732,year_based
442,736,year_based
443,736,year_based
444,738,year_based
445,738,year_based
446,740,year_based
447,740,year_based
448,740,year_based
449,740,year_based
450,740,year_based
451,740,year_based
452,740,year_based
453,740,year_based
454,740,year_based
455,740,year_based
456,740,year_based
457,740,year_based
458,740,year_based
459,740,year_based
460,740,year_based
461,740,year_based
462,740,year_based
463,740,year_based
464,740,year_based
465,740,year_based
466,740,year_based
467,740,year_based
468,740,year_based
469,740,year_based
470,740,year_based
471,752,year_based
472,753,year_based
473,753,year_based
474,753,year_based
475,753,year_based
476,753,year_based
477,753,year_based
478,753,year_based
479,753,year_based
480,753,year_based
481,753,year_based
482,753,year_based
483,753,year_based
484,753,year_based
485,753,year_based
486,764,year_based
487,764,year_based
488,764,year_based
489,764,year_based
490,768,year_based
491,768,year_based
492,768,year_based
493,768,year_based
494,768,year_based
495,768,year_based
496,768,year_based
497,768,year_based
498,768,year_based
499,768,year_based
500,768,year_based
501,768,year_based
502,768,year_based
503,768,year_based
504,768,year_based
505,768,year_based
506,768,year_based
507,768,year_based
508,768,year_based
509,768,year_based
510,768,year_based
511,768,year_based
512,768,year_based
513,768,year_based
514,768,year_based
515,768,year_based
516,780,year_based
517,781,year_based
518,781,year_based
519,781,year_based
520,781,year_based
521,781,year_based
522,781,year_based
523,787,year_based
524,787,year_based
525,787,year_based
526,787,year_based
527,787,year_based
528,787,year_based
529,787,year_based
530,787,year_based
531,787,year_based
532,787,year_based
533,791,year_based
534,792,year_based
535,792,year_based
536,792,year_based
537,792,year_based
538,792,year_based
539,792,year_based
540,792,year_based
541,792,year_based
542,792,year_based
543,792,year_based
544,792,year_based
545,792,year_based
546,792,year_based
547,792,year_based
548,792,year_based
549,803,year_based
550,803,year_based
551,803,year_based
552,803,year_based
553,803,year_based
554,803,year_based
555,803,year_based
556,807,year_based
557,808,year_based
558,808,year_based
559,808,year_based
560,808,year_based
561,808,year_based
562,808,year_based
563,808,year_based
564,808,year_based
565,808,year_based
566,808,year_based
567,808,year_based
568,808,year_based
569,808,year_based
570,808,year_based
571,808,year_based
572,808,year_based
573,808,year_based
574,808,year_based
575,816,year_based
576,816,year_based
577,816,year_based
578,816,year_based
579,816,year_based
580,816,year_based
581,816,year_based
582,816,year_based
583,816,year_based
584,816,year_based
585,816,year_based
586,816,year_based
587,816,year_based
588,816,year_based
589,816,year_based
590,816,year_based
591,816,year_based
592,816,year_based
593,816,year_based
594,816,year_based
595,816,year_based
596,826,year_based
597,826,year_based
598,826,year_based
599,826,year_based
600,826,year_based
601,826,year_based
602,826,year_based
603,826,year_based
604,826,year_based
605,826,year_based
606,826,year_based
607,826,year_based
608,833,year_based
608,833,year_based
608,833,year_based
608,833,year_based
609,833,year_based
609,833,year_based
609,833,year_based
609,833,year_based
610,833,year_based
611,833,year_based
612,833,year_based
613,833,year_based
614,833,year_based
615,833,year_based
616,833,year_based
617,833,year_based
618,833,year_based
619,833,year_based
620,833,year_based
621,833,year_based
622,833,year_based
623,833,year_based
624,833,year_based
625,845,year_based
626,845,year_based
627,845,year_based
628,847,year_based
629,847,year_based
630,847,year_based
631,847,year_based
632,847,year_based
633,847,year_based
634,847,year_based
635,847,year_based
636,847,year_based
637,847,year_based
638,847,year_based
639,847,year_based
640,847,year_based
641,856,year_based
642,856,year_based
643,856,year_based
644,856,year_based
645,856,year_based
646,856,year_based
647,856,year_based
648,856,year_based
649,858,year_based
650,858,year_based
651,858,year_based
652,858,year_based
653,858,year_based
654,858,year_based
655,858,year_based
656,858,year_based
657,858,year_based
658,858,year_based
659,858,year_based
660,858,year_based
661,858,year_based
662,858,year_based
663,858,year_based
664,858,year_based
665,858,year_based
666,858,year_based
667,858,year_based
668,858,year_based
669,858,year_based
670,858,year_based
671,858,year_based
672,858,year_based
673,858,year_based
674,858,year_based
675,858,year_based
676,858,year_based
677,858,year_based
678,858,year_based
679,858,year_based
680,871,year_based
681,871,year_based
682,871,year_based
683,871,year_based
684,871,year_based
685,871,year_based
686,871,year_based
687,871,year_based
688,871,year_based
688,871,year_based
689,871,year_based
690,871,year_based
691,871,year_based
692,871,year_based
693,876,year_based
694,876,year_based
695,876,year_based
695,876,year_based
695,876,year_based
695,876,year_based
696,876,year_based
696,876,year_based
696,876,year_based
696,876,year_based
697,876,year_based
698,876,year_based
699,876,year_based
700,876,year_based
701,876,year_based
702,876,year_based
703,876,year_based
704,876,year_based
705,876,year_based
706,876,year_based
707,876,year_based
708,876,year_based
709,876,year_based
709,1204,year_based
710,876,year_based
711,876,year_based
712,876,year_based
713,876,year_based
714,876,year_based
715,876,year_based
716,889,year_based
717,889,year_based
718,889,year_based
719,889,year_based
720,889,year_based
721,889,year_based
722,889,year_based
723,889,year_based
724,889,year_based
725,889,year_based
726,889,year_based
727,889,year_based
728,889,year_based
729,889,year_based
730,889,year_based
731,889,year_based
732,889,year_based
733,889,year_based
734,889,year_based
735,889,year_based
736,889,year_based
737,889,year_based
738,901,year_based
739,901,year_based
740,901,year_based
741,901,year_based
742,901,year_based
743,901,year_based
744,901,year_based
745,901,year_based
746,901,year_based
747,901,year_based
748,901,year_based
749,901,year_based
750,901,year_based
751,901,year_based
752,901,year_based
753,901,year_based
754,901,year_based
755,901,year_based
756,901,year_based
757,901,year_based
758,910,year_based
759,910,year_based
760,910,year_based
761,910,year_based
762,910,year_based
763,910,year_based
764,910,year_based
765,910,year_based
766,910,year_based
767,910,year_based
768,910,year_based
769,910,year_based
770,910,year_based
771,910,year_based
772,910,year_based
773,910,year_based
774,910,year_based
775,910,year_based
776,910,year_based
777,910,year_based
778,910,year_based
779,910,year_based
780,910,year_based
781,910,year_based
782,910,year_based
783,919,year_based
784,919,year_based
785,919,year_based
786,919,year_based
787,925,year_based
788,925,year_based
789,925,year_based
790,925,year_based
791,925,year_based
792,925,year_based
793,925,year_based
794,925,year_based
795,925,year_based
796,925,year_based
797,925,year_based
798,925,year_based
799,932,year_based
800,933,year_based
801,934,year_based
801,1522,year_based
802,935,year_based
802,944,year_based
802,944,year_based
802,944,year_based
802,944,year_based
802,944,year_based
802,944,year_based
802,944,year_based
802,944,year_based
803,935,year_based
804,935,year_based
805,935,year_based
806,935,year_based
807,935,year_based
808,935,year_based
809,935,year_based
810,935,year_based
811,935,year_based
812,935,year_based
813,935,year_based
814,935,year_based
815,935,year_based
816,935,year_based
817,935,year_based
818,935,year_based
819,935,year_based
820,935,year_based
821,942,year_based
822,942,year_based
823,944,year_based
823,944,year_based
823,944,year_based
823,944,year_based
823,944,year_based
823,944,year_based
823,944,year_based
823,944,year_based
824,944,year_based
824,944,year_based
824,944,year_based
824,944,year_based
824,944,year_based
824,944,year_based
824,944,year_based
824,944,year_based
825,944,year_based
825,944,year_based
825,944,year_based
825,944,year_based
825,944,year_based
825,944,year_based
825,944,year_based
825,944,year_based
826,944,year_based
826,944,year_based
826,944,year_based
826,944,year_based
827,944,year_based
827,944,year_based
827,944,year_based
827,944,year_based
827,944,year_based
827,944,year_based
827,944,year_based
827,944,year_based
828,944,year_based
828,944,year_based
828,944,year_based
828,944,year_based
829,944,year_based
829,944,year_based
829,944,year_based
829,944,year_based
829,944,year_based
829,944,year_based
829,944,year_based
829,944,year_based
830,944,year_based
830,944,year_based
830,944,year_based
830,944,year_based
831,944,year_based
832,944,year_based
833,944,year_based
833,944,year_based
833,944,year_based
833,944,year_based
833,944,year_based
833,944,year_based
833,944,year_based
833,944,year_based
834,944,year_based
834,944,year_based
834,944,year_based
834,944,year_based
834,944,year_based
834,944,year_based
834,944,year_based
834,944,year_based
835,944,year_based
836,944,year_based
837,944,year_based
838,944,year_based
839,944,year_based
840,944,year_based
841,944,year_based
842,944,year_based
843,944,year_based
844,944,year_based
845,944,year_based
846,944,year_based
847,944,year_based
848,944,year_based
849,944,year_based
850,944,year_based
851,944,year_based
852,944,year_based
853,944,year_based
854,959,year_based
855,959,year_based
856,959,year_based
856,1267,year_based
857,962,year_based
858,962,year_based
859,962,year_based
860,962,year_based
861,962,year_based
862,962,year_based
863,962,year_based
864,962,year_based
865,962,year_based
866,962,year_based
867,962,year_based
868,968,year_based
869,968,year_based
869,1040,year_based
870,968,year_based
871,968,year_based
872,968,year_based
873,968,year_based
874,968,year_based
875,968,year_based
876,968,year_based
877,968,year_based
878,972,year_based
879,972,year_based
880,974,year_based
881,974,year_based
882,974,year_based
883,974,year_based
883,1042,year_based
884,974,year_based
885,974,year_based
886,974,year_based
887,974,year_based
888,974,year_based
889,974,year_based
890,974,year_based
891,974,year_based
892,974,year_based
893,974,year_based
894,974,year_based
895,979,year_based
896,979,year_based
897,979,year_based
898,979,year_based
899,979,year_based
900,979,year_based
901,979,year_based
902,979,year_based
903,979,year_based
904,979,year_based
905,979,year_based
906,979,year_based
907,982,year_based
908,982,year_based
909,982,year_based
910,982,year_based
911,982,year_based
912,982,year_based
913,982,year_based
914,982,year_based
915,982,year_based
916,982,year_based
917,982,year_based
918,982,year_based
919,982,year_based
920,982,year_based
921,982,year_based
922,982,year_based
923,986,year_based
924,986,year_based
925,986,year_based
926,986,year_based
927,986,year_based
928,986,year_based
929,986,year_based
930,986,year_based
931,988,year_based
932,988,year_based
933,988,year_based
934,988,year_based
935,988,year_based
936,988,year_based
937,988,year_based
938,988,year_based
939,990,year_based
940,990,year_based
941,990,year_based
942,990,year_based
943,990,year_based
944,990,year_based
945,990,year_based
946,990,year_based
947,990,year_based
948,990,year_based
949,990,year_based
950,990,year_based
951,990,year_based
952,990,year_based
953,990,year_based
954,990,year_based
955,994,year_based
956,994,year_based
957,994,year_based
958,994,year_based
959,994,year_based
960,994,year_based
961,994,year_based
962,994,year_based
963,994,year_based
964,994,year_based
965,994,year_based
966,994,year_based
967,994,year_based
968,994,year_based
969,994,year_based
970,994,year_based
971,998,year_based
972,998,year_based
973,998,year_based
974,998,year_based
975,998,year_based
976,998,year_based
977,998,year_based
978,998,year_based
979,1000,year_based
980,1000,year_based
981,1000,year_based
982,1000,year_based
983,1000,year_based
984,1000,year_based
985,1000,year_based
986,1000,year_based
986,1510,year_based
987,1002,year_based
988,1002,year_based
989,1002,year_based
990,1002,year_based
991,1002,year_based
992,1002,year_based
993,1002,year_based
994,1002,year_based
995,1004,year_based
996,1004,year_based
997,1004,year_based
998,1004,year_based
999,1004,year_based
1000,1004,year_based
1001,1004,year_based
1002,1004,year_based
1003,1006,year_based
1004,1006,year_based
1005,1006,year_based
1006,1006,year_based
1007,1006,year_based
1008,1006,year_based
1009,1006,year_based
1010,1006,year_based
1011,1008,year_based
1012,1008,year_based
1013,1008,year_based
1014,1008,year_based
1015,1008,year_based
1016,1008,year_based
1017,1008,year_based
1018,1008,year_based
1019,1010,year_based
1020,1010,year_based
1021,1010,year_based
1022,1010,year_based
1023,1010,year_based
1023,1010,year_based
1023,1010,year_based
1023,1010,year_based
1024,1010,year_based
1025,1010,year_based
1026,1010,year_based
1027,1010,year_based
1028,1010,year_based
1029,1010,year_based
1030,1014,year_based
1031,1014,year_based
1032,1014,year_based
1033,1014,year_based
1034,1014,year_based
1035,1014,year_based
1036,1014,year_based
1037,1014,year_based
1038,1016,year_based
1039,1016,year_based
1040,1016,year_based
1041,1016,year_based
1042,1016,year_based
1043,1016,year_based
1044,1016,year_based
1045,1018,year_based
1046,1018,year_based
1047,1018,year_based
1048,1018,year_based
1049,1018,year_based
1049,1020,year_based
1050,1018,year_based
1050,1062,year_based
1050,1062,year_based
1051,1018,year_based
1052,1020,year_based
1053,1020,year_based
1054,1020,year_based
1055,1020,year_based
1056,1020,year_based
1057,1020,year_based
1058,1022,year_based
1059,1022,year_based
1060,1022,year_based
1061,1022,year_based
1062,1022,year_based
1063,1022,year_based
1064,1022,year_based
1065,1024,year_based
1066,1024,year_based
1067,1024,year_based
1068,1024,year_based
1069,1024,year_based
1070,1024,year_based
1071,1024,year_based
1072,1024,year_based
1073,1024,year_based
1074,1024,year_based
1075,1024,year_based
1076,1024,year_based
1077,1024,year_based
1078,1024,year_based
1079,1024,year_based
1080,1024,year_based
1081,1024,year_based
1082,1024,year_based
1083,1024,year_based
1084,1024,year_based
1085,1024,year_based
1086,1024,year_based
1087,1024,year_based
1088,1030,year_based
1089,1030,year_based
1090,1030,year_based
1091,1030,year_based
1092,1030,year_based
1093,1030,year_based
1094,1030,year_based
1095,1030,year_based
1096,1032,year_based
1097,1032,year_based
1098,1032,year_based
1099,1032,year_based
1100,1032,year_based
1101,1032,year_based
1102,1032,year_based
1103,1032,year_based
1104,1032,year_based
1105,1032,year_based
1106,1032,year_based
1107,1032,year_based
1108,1032,year_based
1109,1032,year_based
1110,1032,year_based
1111,1032,year_based
1112,1038,year_based
1113,1038,year_based
1114,1038,year_based
1115,1038,year_based
1116,1038,year_based
1117,1038,year_based
1118,1038,year_based
1119,1038,year_based
1120,1040,year_based
1121,1040,year_based
1122,1040,year_based
1123,1040,year_based
1124,1040,year_based
1125,1040,year_based
1126,1040,year_based
1127,1042,year_based
1128,1042,year_based
1129,1042,year_based
1130,1042,year_based
1131,1042,year_based
1132,1042,year_based
1133,1042,year_based
1134,1042,year_based
1135,1042,year_based
1136,1042,year_based
1137,1042,year_based
1138,1042,year_based
1139,1042,year_based
1140,1042,year_based
1141,1042,year_based
1142,1042,year_based
1143,1042,year_based
1144,1042,year_based
1145,1042,year_based
1146,1042,year_based
1147,1042,year_based
1148,1042,year_based
1149,1042,year_based
1150,1042,year_based
1151,1042,year_based
1152,1042,year_based
1153,1042,year_based
1154,1042,year_based
1155,1042,year_based
1156,1042,year_based
1157,1042,year_based
1157,1526,year_based
1158,1050,year_based
1159,1052,year_based
1160,1052,year_based
1161,1052,year_based
1162,1052,year_based
1163,1052,year_based
1164,1052,year_based
1165,1052,year_based
1166,1052,year_based
1167,1054,year_based
1168,1054,year_based
1169,1054,year_based
1170,1054,year_based
1171,1054,year_based
1172,1054,year_based
1173,1054,year_based
1174,1054,year_based
1175,1056,year_based
1176,1056,year_based
1177,1056,year_based
1178,1056,year_based
1179,1056,year_based
1180,1056,year_based
1181,1056,year_based
1182,1056,year_based
1183,1058,year_based
1184,1058,year_based
1185,1058,year_based
1186,1058,year_based
1187,1058,year_based
1188,1058,year_based
1189,1058,year_based
1190,1058,year_based
1191,1058,year_based
1192,1058,year_based
1193,1058,year_based
1194,1058,year_based
1195,1058,year_based
1196,1058,year_based
1197,1058,year_based
1198,1058,year_based
1199,1062,year_based
1200,1062,year_based
1201,1062,year_based
1202,1062,year_based
1203,1062,year_based
1204,1062,year_based
1205,1064,year_based
1206,1064,year_based
1207,1064,year_based
1208,1064,year_based
1209,1064,year_based
1210,1064,year_based
1211,1064,year_based
1212,1064,year_based
1213,0,year_based
1214,0,year_based
1215,0,year_based
1216,0,year_based
1217,0,year_based
1218,0,year_based
1219,0,year_based
1220,0,year_based
1221,1069,year_based
1222,1069,year_based
1223,1069,year_based
1224,1069,year_based
1225,1069,year_based
1226,1069,year_based
1227,1069,year_based
1228,1069,year_based
1229,1071,year_based
1230,1071,year_based
1231,1071,year_based
1232,1071,year_based
1233,1071,year_based
1234,1071,year_based
1235,1071,year_based
1236,1071,year_based
1237,974,year_based
1238,974,year_based
1239,974,year_based
1240,974,year_based
1241,974,year_based
1242,974,year_based
1243,974,year_based
1244,974,year_based
1245,974,year_based
1246,974,year_based
1247,974,year_based
1248,974,year_based
1250,979,year_based
1251,1081,year_based
1252,1082,year_based
1253,1082,year_based
1254,982,year_based
1255,982,year_based
1256,1087,year_based
1257,1088,year_based
1258,1088,year_based
1259,1088,year_based
1260,1088,year_based
1261,1088,year_based
1262,1088,year_based
1263,1094,year_based
1264,1094,year_based
1265,1096,year_based
1266,986,year_based
1266,1056,year_based
1266,1263,year_based
1267,988,year_based
1268,988,year_based
1269,1101,year_based
1270,1101,year_based
1271,1103,year_based
1272,990,year_based
1273,990,year_based
1274,990,year_based
1275,990,year_based
1276,994,year_based
1277,994,year_based
1278,998,year_based
1279,998,year_based
1280,998,year_based
1281,1000,year_based
1282,1000,year_based
1283,1000,year_based
1284,1117,year_based
1285,1117,year_based
1286,1117,year_based
1287,1004,year_based
1288,1004,year_based
1289,1004,year_based
1290,1008,year_based
1291,1008,year_based
1292,1010,year_based
1293,1010,year_based
1294,1010,year_based
1295,1010,year_based
1296,1010,year_based
1297,1010,year_based
1298,1010,year_based
1299,1010,year_based
1300,1010,year_based
1301,1010,year_based
1302,1010,year_based
1303,1010,year_based
1304,1010,year_based
1305,1010,year_based
1306,1010,year_based
1307,1010,year_based
1308,1010,year_based
1309,1010,year_based
1310,1135,year_based
1311,1135,year_based
1312,1135,year_based
1313,1138,year_based
1314,1138,year_based
1315,1140,year_based
1316,1140,year_based
1317,1140,year_based
1318,1140,year_based
1319,1014,year_based
1319,1014,year_based
1320,1014,year_based
1321,1014,year_based
1322,1016,year_based
1323,1016,year_based
1324,1151,year_based
1325,1151,year_based
1326,1151,year_based
1327,1018,year_based
1328,1018,year_based
1329,1018,year_based
1330,1018,year_based
1331,1020,year_based
1332,1020,year_based
1333,1020,year_based
1334,1159,year_based
1335,1159,year_based
1336,1159,year_based
1337,1159,year_based
1338,1022,year_based
1339,1022,year_based
1340,1022,year_based
1341,1022,year_based
1342,1022,year_based
1343,1024,year_based
1344,1024,year_based
1345,1024,year_based
1346,1024,year_based
1347,1024,year_based
1347,1024,year_based
1347,1024,year_based
1347,1024,year_based
1347,1024,year_based
1347,1024,year_based
1347,1024,year_based
1347,1024,year_based
1348,1024,year_based
1348,1024,year_based
1348,1024,year_based
1348,1024,year_based
1348,1024,year_based
1348,1024,year_based
1348,1024,year_based
1348,1024,year_based
1349,1024,year_based
1350,1173,year_based
1351,1173,year_based
1352,1173,year_based
1353,1173,year_based
1354,1173,year_based
1354,1552,year_based
1355,1030,year_based
1355,1030,year_based
1355,1030,year_based
1355,1030,year_based
1355,1030,year_based
1355,1030,year_based
1355,1030,year_based
1355,1030,year_based
1356,1030,year_based
1356,1030,year_based
1356,1030,year_based
1356,1030,year_based
1356,1030,year_based
1356,1030,year_based
1356,1030,year_based
1356,1030,year_based
1357,1030,year_based
1358,1030,year_based
1359,1032,year_based
1359,1032,year_based
1359,1032,year_based
1359,1032,year_based
1359,1032,year_based
1359,1032,year_based
1359,1032,year_based
1359,1032,year_based
1359,1032,year_based
1360,1032,year_based
1360,1032,year_based
1360,1032,year_based
1360,1032,year_based
1360,1032,year_based
1360,1032,year_based
1360,1032,year_based
1360,1032,year_based
1360,1032,year_based
1361,1032,year_based
1361,1032,year_based
1361,1032,year_based
1361,1032,year_based
1361,1032,year_based
1361,1032,year_based
1361,1032,year_based
1361,1032,year_based
1361,1032,year_based
1362,1032,year_based
1363,1032,year_based
1364,1032,year_based
1365,1188,year_based
1366,1188,year_based
1367,1038,year_based
1368,1040,year_based
1369,1192,year_based
1369,1192,year_based
1369,1192,year_based
1369,1192,year_based
1370,1192,year_based
1370,1192,year_based
1370,1192,year_based
1370,1192,year_based
1371,1192,year_based
1371,1192,year_based
1371,1192,year_based
1371,1192,year_based
1372,1192,year_based
1373,1192,year_based
1374,1192,year_based
1375,1192,year_based
1376,1042,year_based
1377,1042,year_based
1378,1042,year_based
1379,1042,year_based
1380,1042,year_based
1381,1042,year_based
1382,1204,year_based
1383,1204,year_based
1384,1204,year_based
1385,1204,year_based
1386,1204,year_based
1386,1569,year_based
1387,1204,year_based
1388,1204,year_based
1389,1204,year_based
1390,1050,year_based
1391,1050,year_based
1392,1052,year_based
1393,1052,year_based
1394,1052,year_based
1395,1052,year_based
1396,1212,year_based
1397,1056,year_based
1398,1056,year_based
1399,1058,year_based
1400,1058,year_based
1401,1058,year_based
1402,1058,year_based
1403,1058,year_based
1404,1058,year_based
1405,1058,year_based
1406,1058,year_based
1407,1058,year_based
1407,1058,year_based
1407,1058,year_based
1407,1058,year_based
1408,1058,year_based
1408,1058,year_based
1408,1058,year_based
1408,1058,year_based
1409,1058,year_based
1410,1058,year_based
1411,1058,year_based
1412,1058,year_based
1413,1064,year_based
1414,1229,year_based
1415,1229,year_based
1415,1514,year_based
1416,0,year_based
1417,0,year_based
1418,0,year_based
1419,0,year_based
1420,0,year_based
1421,0,year_based
1422,0,year_based
1423,1235,year_based
1423,1235,year_based
1424,1235,year_based
1425,1235,year_based
1426,1235,year_based
1426,1341,year_based
1426,1341,year_based
1426,1341,year_based
1426,1341,year_based
1427,1238,year_based
1428,1239,year_based
1429,1239,year_based
1430,1239,year_based
1431,1239,year_based
1432,1239,year_based
1433,1239,year_based
1434,1239,year_based
1435,1239,year_based
1436,1239,year_based
1437,1239,year_based
1438,1239,year_based
1438,1239,year_based
1439,1239,year_based
1439,1239,year_based
1440,1239,year_based
1441,1239,year_based
1442,1239,year_based
1442,1239,year_based
1443,1239,year_based
1443,1239,year_based
1444,1239,year_based
1445,1239,year_based
1446,1239,year_based
1447,1239,year_based
1448,1239,year_based
1449,1239,year_based
1450,1239,year_based
1451,1239,year_based
1452,1239,year_based
1453,1239,year_based
1454,1239,year_based
1455,1239,year_based
1456,1239,year_based
1457,1239,year_based
1458,1239,year_based
1459,1239,year_based
1460,1247,year_based
1461,1247,year_based
1462,1247,year_based
1463,1247,year_based
1464,1247,year_based
1465,1247,year_based
1466,1247,year_based
1467,1247,year_based
1468,1247,year_based
1469,1247,year_based
1470,1247,year_based
1471,1247,year_based
1472,1247,year_based
1473,1247,year_based
1474,1247,year_based
1475,1247,year_based
1476,1251,year_based
1477,1251,year_based
1478,1251,year_based
1479,1251,year_based
1480,1251,year_based
1481,1251,year_based
1482,1251,year_based
1484,1253,year_based
1485,1253,year_based
1485,1253,year_based
1486,1253,year_based
1487,1253,year_based
1488,1253,year_based
1489,1253,year_based
1489,1253,year_based
1490,1253,year_based
1491,1253,year_based
1492,1253,year_based
1493,1253,year_based
1494,1253,year_based
1495,1253,year_based
1496,1253,year_based
1497,1253,year_based
1498,1253,year_based
1499,1253,year_based
1500,1253,year_based
1501,1253,year_based
1502,1253,year_based
1503,1253,year_based
1504,1253,year_based
1505,1253,year_based
1506,1253,year_based
1507,1259,year_based
1508,1259,year_based
1509,1259,year_based
1510,1259,year_based
1511,1259,year_based
1512,1259,year_based
1513,1259,year_based
1514,1259,year_based
1515,1261,year_based
1516,1261,year_based
1517,1261,year_based
1518,1261,year_based
1519,1261,year_based
1520,1261,year_based
1521,1261,year_based
1522,1261,year_based
1523,1263,year_based
1524,1263,year_based
1525,1263,year_based
1526,1263,year_based
1527,1263,year_based
1528,1263,year_based
1529,1263,year_based
1530,1263,year_based
1531,1263,year_based
1532,1263,year_based
1533,1263,year_based
1534,1263,year_based
1535,1263,year_based
1536,1263,year_based
1537,1263,year_based
1538,1267,year_based
1539,1267,year_based
1540,1267,year_based
1541,1267,year_based
1542,1267,year_based
1543,1267,year_based
1544,1267,year_based
1545,1267,year_based
1546,1267,year_based
1547,1267,year_based
1548,1267,year_based
1549,1267,year_based
1550,1267,year_based
1551,1267,year_based
1552,1267,year_based
1553,1267,year_based
1554,1271,year_based
1555,1271,year_based
1556,1271,year_based
1557,1271,year_based
1558,1271,year_based
1559,1271,year_based
1560,1271,year_based
1561,1271,year_based
1562,1271,year_based
1563,1271,year_based
1564,1271,year_based
1565,1271,year_based
1566,1271,year_based
1567,1271,year_based
1568,1271,year_based
1569,1271,year_based
1570,1275,year_based
1571,1275,year_based
1572,1275,year_based
1573,1275,year_based
1574,1275,year_based
1575,1275,year_based
1576,1275,year_based
1577,1275,year_based
1578,1275,year_based
1579,1275,year_based
1580,1275,year_based
1581,1275,year_based
1582,1275,year_based
1583,1275,year_based
1584,1275,year_based
1585,1275,year_based
1586,1279,year_based
1587,1279,year_based
1588,1279,year_based
1589,1279,year_based
1589,1283,year_based
1590,1279,year_based
1591,1279,year_based
1592,1279,year_based
1593,1279,year_based
1594,1281,year_based
1595,1281,year_based
1596,1281,year_based
1597,1281,year_based
1598,1281,year_based
1599,1281,year_based
1600,1281,year_based
1601,1281,year_based
1602,1283,year_based
1603,1283,year_based
1604,1283,year_based
1605,1283,year_based
1606,1283,year_based
1607,1283,year_based
1608,1283,year_based
1609,1285,year_based
1610,1285,year_based
1611,1285,year_based
1612,1285,year_based
1613,1285,year_based
1614,1285,year_based
1615,1285,year_based
1616,1285,year_based
1617,1288,year_based
1618,1288,year_based
1619,1288,year_based
1620,1288,year_based
1621,1288,year_based
1622,1288,year_based
1623,1288,year_based
1624,1288,year_based
1625,1288,year_based
1626,1288,year_based
1627,1288,year_based
1628,1288,year_based
1629,1288,year_based
1630,1288,year_based
1631,1288,year_based
1632,1288,year_based
1633,1292,year_based
1634,1292,year_based
1635,1292,year_based
1636,1292,year_based
1637,1292,year_based
1638,1292,year_based
1639,1292,year_based
1640,1292,year_based
1641,1294,year_based
1642,1294,year_based
1643,1294,year_based
1644,1294,year_based
1645,1294,year_based
1646,1294,year_based
1647,1294,year_based
1648,1294,year_based
1649,1296,year_based
1650,1296,year_based
1651,1296,year_based
1651,1296,year_based
1652,1296,year_based
1652,1296,year_based
1653,1296,year_based
1654,1296,year_based
1655,1296,year_based
1655,1296,year_based
1656,1296,year_based
1656,1296,year_based
1657,1296,year_based
1658,1296,year_based
1659,1296,year_based
1660,1296,year_based
1661,1296,year_based
1662,1296,year_based
1663,1296,year_based
1664,1296,year_based
1665,1300,year_based
1666,1300,year_based
1667,1300,year_based
1668,1300,year_based
1669,1300,year_based
1670,1300,year_based
1671,1300,year_based
1672,1300,year_based
1673,1300,year_based
1674,1300,year_based
1675,1300,year_based
1676,1300,year_based
1677,1300,year_based
1678,1300,year_based
1679,1300,year_based
1680,1300,year_based
1681,1304,year_based
1682,1304,year_based
1683,1304,year_based
1684,1304,year_based
1685,1304,year_based
1686,1304,year_based
1687,1304,year_based
1688,1304,year_based
1689,1304,year_based
1690,1304,year_based
1691,1304,year_based
1692,1304,year_based
1693,1304,year_based
1694,1304,year_based
1695,1304,year_based
1696,1304,year_based
1697,1309,year_based
1698,1309,year_based
1699,1309,year_based
1700,1309,year_based
1701,1309,year_based
1702,1309,year_based
1703,1309,year_based
1704,1309,year_based
1705,1309,year_based
1706,1309,year_based
1707,1309,year_based
1708,1309,year_based
1709,1309,year_based
1710,1309,year_based
1711,1309,year_based
1712,1309,year_based
1713,1313,year_based
1714,1313,year_based
1715,1313,year_based
1716,1313,year_based
1717,1313,year_based
1718,1313,year_based
1719,1313,year_based
1720,1313,year_based
1721,1313,year_based
1722,1313,year_based
1723,1313,year_based
1724,1313,year_based
1725,1313,year_based
1726,1313,year_based
1727,1313,year_based
1728,1313,year_based
1729,1317,year_based
1730,1317,year_based
1731,1317,year_based
1732,1317,year_based
1733,1317,year_based
1734,1317,year_based
1735,1317,year_based
1736,1317,year_based
1737,1319,year_based
1738,1319,year_based
1739,1319,year_based
1740,1319,year_based
1741,1319,year_based
1742,1319,year_based
1743,1319,year_based
1744,1319,year_based
1745,1321,year_based
1746,1321,year_based
1747,1321,year_based
1748,1321,year_based
1749,1321,year_based
1750,1321,year_based
1751,1321,year_based
1752,1321,year_based
1753,1323,year_based
1754,1323,year_based
1755,1323,year_based
1756,1323,year_based
1757,1323,year_based
1758,1323,year_based
1759,1323,year_based
1760,1323,year_based
1761,1325,year_based
1762,1325,year_based
1763,1325,year_based
1764,1325,year_based
1765,1325,year_based
1766,1325,year_based
1767,1325,year_based
1768,1325,year_based
1769,1327,year_based
1770,1327,year_based
1771,1327,year_based
1772,1327,year_based
1773,1327,year_based
1774,1327,year_based
1775,1327,year_based
1776,1327,year_based
1777,1329,year_based
1778,1329,year_based
1779,1329,year_based
1780,1329,year_based
1781,1329,year_based
1782,1329,year_based
1783,1329,year_based
1784,1329,year_based
1785,1329,year_based
1786,1329,year_based
1787,1329,year_based
1788,1329,year_based
1789,1329,year_based
1790,1329,year_based
1791,1329,year_based
1792,1333,year_based
1793,1333,year_based
1794,1333,year_based
1795,1333,year_based
1796,1333,year_based
1797,1333,year_based
1798,1333,year_based
1799,1333,year_based
1800,1333,year_based
1801,1333,year_based
1802,1333,year_based
1803,1333,year_based
1804,1333,year_based
1805,1333,year_based
1806,1333,year_based
1807,1337,year_based
1807,1486,year_based
1808,1337,year_based
1809,1337,year_based
1810,1337,year_based
1811,1337,year_based
1812,1337,year_based
1813,1337,year_based
1814,1339,year_based
1815,1339,year_based
1816,1339,year_based
1817,1339,year_based
1818,1339,year_based
1819,1339,year_based
1820,1339,year_based
1821,1341,year_based
1821,1341,year_based
1822,1341,year_based
1822,1341,year_based
1823,1341,year_based
1823,1341,year_based
1824,1341,year_based
1824,1341,year_based
1825,1341,year_based
1825,1341,year_based
1825,1341,year_based
1825,1341,year_based
1826,1341,year_based
1826,1341,year_based
1827,1341,year_based
1827,1341,year_based
1828,1341,year_based
1828,1341,year_based
1829,1341,year_based
1829,1341,year_based
1829,1341,year_based
1829,1341,year_based
1830,1341,year_based
1830,1341,year_based
1831,1341,year_based
1831,1341,year_based
1832,1341,year_based
1832,1341,year_based
1833,1239,year_based
1845,1239,year_based
1846,1239,year_based
1847,1239,year_based
1849,1239,year_based
1850,1239,year_based
1851,1239,year_based
1852,1351,year_based
1853,1351,year_based
1854,1351,year_based
1855,1351,year_based
1856,1351,year_based
1857,1351,year_based
1858,1351,year_based
1859,1247,year_based
1860,1247,year_based
1861,1247,year_based
1862,1247,year_based
1863,1247,year_based
1864,1251,year_based
1865,1251,year_based
1866,1253,year_based
1867,1253,year_based
1868,1253,year_based
1869,1253,year_based
1870,1259,year_based
1871,1259,year_based
1872,1259,year_based
1873,1259,year_based
1874,1259,year_based
1875,1259,year_based
1876,1261,year_based
1877,1261,year_based
1877,1275,year_based
1878,1261,year_based
1878,1261,year_based
1878,1261,year_based
1879,1261,year_based
1880,1261,year_based
1881,1261,year_based
1881,1261,year_based
1881,1261,year_based
1881,1261,year_based
1882,1263,year_based
1883,1263,year_based
1883,1614,year_based
1883,1614,year_based
1884,1263,year_based
1885,1263,year_based
1886,1263,year_based
1887,1263,year_based
1888,1263,year_based
1890,1263,year_based
1891,1263,year_based
1892,1263,year_based
1893,1267,year_based
1894,1267,year_based
1895,1267,year_based
1896,1386,year_based
1897,1387,year_based
1898,1271,year_based
1899,1271,year_based
1900,1271,year_based
1901,1271,year_based
1902,1271,year_based
1902,1271,year_based
1903,1271,year_based
1903,1271,year_based
1904,1271,year_based
1905,1271,year_based
1906,1271,year_based
1907,1271,year_based
1908,1271,year_based
1909,1271,year_based
1909,1281,year_based
1909,1304,year_based
1910,1275,year_based
1911,1275,year_based
1912,1275,year_based
1913,1279,year_based
1914,1281,year_based
1915,1281,year_based
1916,1403,year_based
1917,1403,year_based
1918,1403,year_based
1919,1283,year_based
1920,1285,year_based
1920,1309,year_based
1921,1407,year_based
1922,1407,year_based
1923,1407,year_based
1924,1409,year_based
1925,1288,year_based
1926,1288,year_based
1927,1288,year_based
1928,1412,year_based
1929,1412,year_based
1930,1294,year_based
1930,1294,year_based
1931,1294,year_based
1931,1417,year_based
1932,1294,year_based
1933,1417,year_based
1934,1417,year_based
1935,1417,year_based
1935,1417,year_based
1935,1431,year_based
1935,1431,year_based
1936,1417,year_based
1936,1480,year_based
1937,1296,year_based
1938,1296,year_based
1939,1296,year_based
1940,1296,year_based
1941,1296,year_based
1942,1296,year_based
1943,1296,year_based
1944,1296,year_based
1945,1296,year_based
1946,1296,year_based
1947,1296,year_based
1948,1296,year_based
1949,1296,year_based
1950,1296,year_based
1951,1431,year_based
1951,1431,year_based
1952,1432,year_based
1953,1313,year_based
1954,1313,year_based
1955,1313,year_based
1956,1313,year_based
1957,1313,year_based
1958,1313,year_based
1959,1313,year_based
1960,1313,year_based
1961,1313,year_based
1962,1313,year_based
1963,1313,year_based
1964,1313,year_based
1965,1317,year_based
1965,1317,year_based
1966,1319,year_based
1966,1327,year_based
1967,1319,year_based
1967,1540,year_based
1968,1445,year_based
1969,1445,year_based
1970,1321,year_based
1971,1323,year_based
1972,1450,year_based
1973,1329,year_based
1974,1329,year_based
1975,1329,year_based
1976,1329,year_based
1977,1329,year_based
1978,1329,year_based
1979,1329,year_based
1980,1329,year_based
1981,1329,year_based
1982,1329,year_based
1984,1329,year_based
1984,1514,year_based
1985,1458,year_based
1986,1333,year_based
1987,1333,year_based
1988,1333,year_based
1989,1462,year_based
1990,1462,year_based
1991,1337,year_based
1992,1337,year_based
1993,1337,year_based
1994,1337,year_based
1995,1337,year_based
1996,1337,year_based
1996,1663,year_based
1997,1337,year_based
1998,1337,year_based
1999,1337,year_based
2000,1337,year_based
2001,1337,year_based
2002,1337,year_based
2003,1337,year_based
2004,1474,year_based
2005,1474,year_based
2006,1474,year_based
2007,1474,year_based
2008,1474,year_based
2009,1474,year_based
2010,1474,year_based
2011,1474,year_based
2012,1476,year_based
2013,1476,year_based
2014,1476,year_based
2014,1476,year_based
2015,1476,year_based
2015,1476,year_based
2016,1476,year_based
2017,1476,year_based
2018,1476,year_based
2019,1476,year_based
2020,1478,year_based
2021,1478,year_based
2022,1478,year_based
2023,1478,year_based
2024,1478,year_based
2025,1478,year_based
2026,1478,year_based
2027,1478,year_based
2028,1480,year_based
2029,1480,year_based
2030,1480,year_based
2031,1480,year_based
2032,1480,year_based
2033,1480,year_based
2034,1480,year_based
2035,1482,year_based
2036,1482,year_based
2037,1482,year_based
2038,1482,year_based
2039,1482,year_based
2040,1482,year_based
2041,1482,year_based
2042,1482,year_based
2043,1482,year_based
2044,1482,year_based
2045,1482,year_based
2046,1482,year_based
2047,1482,year_based
2048,1482,year_based
2049,1482,year_based
2050,1486,year_based
2051,1486,year_based
2052,1486,year_based
2053,1486,year_based
2054,1486,year_based
2055,1486,year_based
2056,1486,year_based
2057,1486,year_based
2058,1486,year_based
2059,1486,year_based
2060,1486,year_based
2061,1486,year_based
2062,1486,year_based
2063,1486,year_based
2064,1486,year_based
2065,1490,year_based
2066,1490,year_based
2067,1490,year_based
2068,1490,year_based
2069,1490,year_based
2070,1490,year_based
2071,1490,year_based
2072,1490,year_based
2073,1490,year_based
2074,1490,year_based
2075,1490,year_based
2076,1490,year_based
2077,1490,year_based
2078,1490,year_based
2079,1490,year_based
2080,1490,year_based
2081,1494,year_based
2082,1494,year_based
2083,1494,year_based
2084,1494,year_based
2085,1494,year_based
2086,1494,year_based
2087,1494,year_based
2088,1494,year_based
2089,1494,year_based
2090,1494,year_based
2091,1494,year_based
2092,1494,year_based
2093,1494,year_based
2094,1494,year_based
2095,1494,year_based
2096,1494,year_based
2097,1498,year_based
2098,1498,year_based
2099,1498,year_based
2100,1498,year_based
2101,1498,year_based
2102,1498,year_based
2103,1498,year_based
2104,1498,year_based
2105,1498,year_based
2106,1498,year_based
2107,1498,year_based
2108,1498,year_based
2109,1498,year_based
2110,1498,year_based
2111,1498,year_based
2112,1498,year_based
2113,1502,year_based
2114,1502,year_based
2115,1502,year_based
2116,1502,year_based
2117,1502,year_based
2118,1502,year_based
2119,1502,year_based
2120,1502,year_based
2121,1504,year_based
2122,1504,year_based
2123,1504,year_based
2123,1504,year_based
2124,1504,year_based
2124,1504,year_based
2125,1504,year_based
2126,1504,year_based
2127,1504,year_based
2128,1504,year_based
2129,1506,year_based
2130,1506,year_based
2131,1506,year_based
2132,1506,year_based
2133,1506,year_based
2134,1506,year_based
2135,1506,year_based
2136,1506,year_based
2137,1508,year_based
2138,1508,year_based
2139,1508,year_based
2140,1508,year_based
2141,1508,year_based
2142,1508,year_based
2143,1508,year_based
2144,1508,year_based
2145,1510,year_based
2146,1510,year_based
2147,1510,year_based
2148,1510,year_based
2149,1510,year_based
2150,1510,year_based
2151,1510,year_based
2152,1512,year_based
2153,1512,year_based
2154,1512,year_based
2155,1512,year_based
2156,1512,year_based
2157,1512,year_based
2158,1512,year_based
2159,1512,year_based
2160,1514,year_based
2161,1514,year_based
2162,1514,year_based
2163,1514,year_based
2164,1514,year_based
2165,1514,year_based
2166,1514,year_based
2167,1514,year_based
2168,1514,year_based
2169,1514,year_based
2170,1514,year_based
2171,1514,year_based
2172,1514,year_based
2173,1514,year_based
2174,1514,year_based
2175,1514,year_based
2176,1518,year_based
2177,1518,year_based
2178,1518,year_based
2179,1518,year_based
2180,1518,year_based
2181,1518,year_based
2182,1518,year_based
2183,1518,year_based
2184,1520,year_based
2185,1520,year_based
2186,1520,year_based
2187,1520,year_based
2188,1520,year_based
2189,1520,year_based
2190,1520,year_based
2191,1520,year_based
2192,1522,year_based
2193,1522,year_based
2194,1522,year_based
2195,1522,year_based
2196,1522,year_based
2197,1522,year_based
2198,1522,year_based
2199,1522,year_based
2200,1522,year_based
2201,1522,year_based
2202,1522,year_based
2203,1522,year_based
2204,1522,year_based
2205,1522,year_based
2206,1522,year_based
2207,1522,year_based
2207,1532,year_based
2208,1526,year_based
2209,1526,year_based
2210,1526,year_based
2211,1526,year_based
2212,1526,year_based
2213,1526,year_based
2214,1526,year_based
2215,1526,year_based
2216,1526,year_based
2217,1526,year_based
2218,1526,year_based
2219,1526,year_based
2220,1526,year_based
2221,1526,year_based
2222,1526,year_based
2223,1530,year_based
2224,1530,year_based
2225,1530,year_based
2226,1530,year_based
2227,1530,year_based
2228,1530,year_based
2229,1530,year_based
2230,1530,year_based
2231,1532,year_based
2232,1532,year_based
2233,1532,year_based
2234,1532,year_based
2235,1532,year_based
2236,1532,year_based
2237,1532,year_based
2238,1532,year_based
2239,1532,year_based
2240,1532,year_based
2240,1560,year_based
2241,1532,year_based
2242,1532,year_based
2243,1532,year_based
2244,1532,year_based
2245,1532,year_based
2246,1532,year_based
2247,1532,year_based
2248,1532,year_based
2249,1532,year_based
2250,1532,year_based
2251,1532,year_based
2252,1532,year_based
2253,1538,year_based
2254,1538,year_based
2255,1538,year_based
2256,1538,year_based
2257,1538,year_based
2258,1538,year_based
2259,1538,year_based
2260,1538,year_based
2261,1540,year_based
2262,1540,year_based
2263,1540,year_based
2264,1540,year_based
2265,1540,year_based
2266,1540,year_based
2267,1540,year_based
2268,1540,year_based
2269,1540,year_based
2270,1540,year_based
2271,1540,year_based
2272,1540,year_based
2273,1540,year_based
2274,1540,year_based
2275,1540,year_based
2276,1540,year_based
2277,1540,year_based
2278,1540,year_based
2279,1540,year_based
2280,1540,year_based
2281,1540,year_based
2282,1540,year_based
2283,1540,year_based
2284,1540,year_based
2285,1546,year_based
2286,1546,year_based
2286,1546,year_based
2287,1546,year_based
2288,1546,year_based
2289,1546,year_based
2290,1546,year_based
2290,1546,year_based
2291,1546,year_based
2292,1550,year_based
2293,1550,year_based
2294,1550,year_based
2295,1550,year_based
2296,1550,year_based
2297,1550,year_based
2298,1550,year_based
2299,1550,year_based
2300,1552,year_based
2301,1552,year_based
2302,1552,year_based
2303,1552,year_based
2304,1552,year_based
2305,1552,year_based
2306,1552,year_based
2307,1552,year_based
2308,1552,year_based
2309,1552,year_based
2310,1552,year_based
2311,1552,year_based
2312,1552,year_based
2313,1552,year_based
2314,1552,year_based
2315,1552,year_based
2315,1552,year_based
2315,1552,year_based
2315,1552,year_based
2316,1560,year_based
2317,1560,year_based
2318,1560,year_based
2319,1562,year_based
2320,1562,year_based
2321,1562,year_based
2322,1562,year_based
2323,1562,year_based
2324,1562,year_based
2325,1562,year_based
2326,1562,year_based
2327,1474,year_based
2327,1474,year_based
2327,1579,year_based
2328,1474,year_based
2328,1474,year_based
2329,1474,year_based
2330,1476,year_based
2331,1476,year_based
2332,1478,year_based
2332,1486,year_based
2333,1478,year_based
2334,1480,year_based
2335,1575,year_based
2336,1575,year_based
2337,1575,year_based
2338,1482,year_based
2339,1482,year_based
2340,1486,year_based
2341,1486,year_based
2342,1486,year_based
2343,1486,year_based
2344,1486,year_based
2345,1486,year_based
2346,1486,year_based
2347,1486,year_based
2348,1486,year_based
2349,1486,year_based
2350,1486,year_based
2351,1589,year_based
2352,1490,year_based
2352,1594,year_based
2352,1546,year_based
2353,1592,year_based
2354,1592,year_based
2355,1494,year_based
2356,1498,year_based
2357,1502,year_based
2358,1502,year_based
2359,1502,year_based
2360,1504,year_based
2361,1609,year_based
2362,1609,year_based
2363,1506,year_based
2364,1508,year_based
2365,1508,year_based
2366,1614,year_based
2367,1614,year_based
2367,1614,year_based
2368,1510,year_based
2369,1510,year_based
2370,1510,year_based
2371,1512,year_based
2372,1512,year_based
2373,1514,year_based
2374,1514,year_based
2375,1514,year_based
2376,1514,year_based
2377,1514,year_based
2378,1514,year_based
2378,1532,year_based
2379,1514,year_based
2380,1514,year_based
2381,1514,year_based
2382,1514,year_based
2383,1514,year_based
2384,1514,year_based
2385,1518,year_based
2386,1520,year_based
2387,1520,year_based
2388,1633,year_based
2389,1633,year_based
2390,1635,year_based
2391,1522,year_based
2392,1522,year_based
2393,1526,year_based
2394,1526,year_based
2395,1526,year_based
2396,1526,year_based
2397,1526,year_based
2398,1526,year_based
2399,1526,year_based
2399,1540,year_based
2400,1526,year_based
2401,1526,year_based
2402,1526,year_based
2403,1526,year_based
2404,1526,year_based
2405,1526,year_based
2406,1526,year_based
2407,1526,year_based
2408,1526,year_based
2409,1526,year_based
2410,1530,year_based
2411,1532,year_based
2412,1532,year_based
2412,1532,year_based
2413,1532,year_based
2413,1532,year_based
2414,1532,year_based
2415,1532,year_based
2416,1532,year_based
2417,1532,year_based
2418,1532,year_based
2419,1532,year_based
2420,1532,year_based
2421,1532,year_based
2422,1532,year_based
2423,1532,year_based
2424,1532,year_based
2425,1532,year_based
2426,1540,year_based
2427,1663,year_based
2428,1546,year_based
2429,1550,year_based
2430,1550,year_based
2431,1550,year_based
2432,1675,year_based
2433,1675,year_based
2434,1552,year_based
2435,1552,year_based
2436,1552,year_based
2437,1552,year_based
2438,1552,year_based
2439,1682,year_based
2440,1682,year_based
2441,1682,year_based
2442,1682,year_based
2443,1560,year_based
2444,1560,year_based
2445,1560,year_based
2445,1560,year_based
2446,1560,year_based
2446,1560,year_based
